"Probe_ID","Paper_DML","DeltaBeta_Heavy_minus_Light","Direction","Chromosome","Position"
"cg08979438_TC21","Obese_UP",0.082934421881037,"Higher_methylation_in_Heavy","chr9",63339100
"cg28165917_TC21","Lean_UP",-0.0650572597788533,"Higher_methylation_in_Light","chr10",9908312
"cg28186401_TC11","Obese_UP",0.0663082897879546,"Higher_methylation_in_Heavy","chr10",12941546
"cg28188077_BC21","Lean_UP",-0.0691790240971276,"Higher_methylation_in_Light","chr10",13091666
"cg28221569_TC21","Obese_UP",0.0592206813907608,"Higher_methylation_in_Heavy","chr10",18139587
"cg28225591_BC21","Obese_UP",0.077747716793886,"Higher_methylation_in_Heavy","chr10",18504356
"cg28226949_BC21","Obese_UP",0.0564836645435863,"Higher_methylation_in_Heavy","chr10",18643275
"cg28241153_TC21","Obese_UP",0.0551998236450942,"Higher_methylation_in_Heavy","chr10",20210954
"cg28248195_BC11","Obese_UP",0.0725249474264957,"Higher_methylation_in_Heavy","chr10",20954426
"cg28248634_TC21","Lean_UP",-0.0595032485159769,"Higher_methylation_in_Light","chr10",20991977
"cg28289608_TC21","Obese_UP",0.0557956596399973,"Higher_methylation_in_Heavy","chr10",25403119
"cg28314848_BC21","Lean_UP",-0.0529436133585156,"Higher_methylation_in_Light","chr10",29358867
"cg28408369_TC21","Obese_UP",0.0536364479625725,"Higher_methylation_in_Heavy","chr10",43136303
"cg28409561_BC21","Obese_UP",0.0587664658590353,"Higher_methylation_in_Heavy","chr10",43245647
"cg28422443_BC21","Obese_UP",0.0541136540872891,"Higher_methylation_in_Heavy","chr10",44492897
"cg28426146_BC11","Obese_UP",0.0530154235611381,"Higher_methylation_in_Heavy","chr10",44995876
"cg28456009_TC11","Obese_UP",0.0530669587693571,"Higher_methylation_in_Heavy","chr10",50902932
"cg28466722_TC21","Lean_UP",-0.0617645222009161,"Higher_methylation_in_Light","chr10",52692058
"cg28471587_TC21","Obese_UP",0.0607388048945569,"Higher_methylation_in_Heavy","chr10",53530269
"cg28537993_BC11","Obese_UP",0.0676204372802443,"Higher_methylation_in_Heavy","chr10",61831016
"cg28587407_BC21","Obese_UP",0.0507928113640639,"Higher_methylation_in_Heavy","chr10",67570584
"cg28617822_TC21","Obese_UP",0.0514194656043372,"Higher_methylation_in_Heavy","chr10",70243579
"cg28619252_TC21","Obese_UP",0.0543494432038253,"Higher_methylation_in_Heavy","chr10",70359410
"cg28631023_BC21","Obese_UP",0.0522372159661859,"Higher_methylation_in_Heavy","chr10",71381397
"cg28686447_TC11","Obese_UP",0.0673877714345445,"Higher_methylation_in_Heavy","chr10",77663985
"cg28686462_BC21","Obese_UP",0.0555477931788125,"Higher_methylation_in_Heavy","chr10",77664289
"cg28714295_TC11","Obese_UP",0.0609958216233388,"Higher_methylation_in_Heavy","chr10",80137369
"cg28719077_BC11","Obese_UP",0.0582421630210743,"Higher_methylation_in_Heavy","chr10",80342221
"cg28726127_BC11","Obese_UP",0.0535663038444665,"Higher_methylation_in_Heavy","chr10",80691431
"cg28751288_BC21","Obese_UP",0.0514887109809569,"Higher_methylation_in_Heavy","chr10",82713564
"cg28772882_BC21","Obese_UP",0.0562239850207303,"Higher_methylation_in_Heavy","chr10",84603895
"cg28786150_TC21","Lean_UP",-0.0634615040722003,"Higher_methylation_in_Light","chr10",85907627
"cg28791731_TC21","Obese_UP",0.0512623434425878,"Higher_methylation_in_Heavy","chr10",86536752
"cg28854236_TC11","Obese_UP",0.052480878587456,"Higher_methylation_in_Heavy","chr10",93640434
"cg28860390_TC21","Obese_UP",0.0668508904407302,"Higher_methylation_in_Heavy","chr10",94143325
"cg28872680_TC21","Obese_UP",0.0560088869479794,"Higher_methylation_in_Heavy","chr10",95222714
"cg28873742_BC21","Obese_UP",0.0589002376182247,"Higher_methylation_in_Heavy","chr10",95302500
"cg28892512_TC21","Obese_UP",0.0557707635238958,"Higher_methylation_in_Heavy","chr10",97482036
"cg28904414_TC11","Obese_UP",0.0583847889484954,"Higher_methylation_in_Heavy","chr10",99194926
"cg28908559_BC21","Obese_UP",0.0793154010301011,"Higher_methylation_in_Heavy","chr10",99560723
"cg28912210_TC21","Lean_UP",-0.0508647877500324,"Higher_methylation_in_Light","chr10",100014068
"cg28924314_BC21","Obese_UP",0.0611708457821142,"Higher_methylation_in_Heavy","chr10",102365701
"cg28979691_TC21","Obese_UP",0.0561550597088466,"Higher_methylation_in_Heavy","chr10",110931587
"cg29027680_BC11","Obese_UP",0.0580300956884946,"Higher_methylation_in_Heavy","chr10",116729254
"cg29033782_TC21","Obese_UP",0.0605759803964795,"Higher_methylation_in_Heavy","chr10",117153354
"cg29073762_BC21","Obese_UP",0.0678220670275272,"Higher_methylation_in_Heavy","chr10",120396895
"cg29074271_BC21","Obese_UP",0.0639286887777413,"Higher_methylation_in_Heavy","chr10",120428578
"cg29074286_TC11","Obese_UP",0.111121248466495,"Higher_methylation_in_Heavy","chr10",120428784
"cg29074312_TC21","Obese_UP",0.0529760130558068,"Higher_methylation_in_Heavy","chr10",120429567
"cg29084940_TC21","Obese_UP",0.0556526333196924,"Higher_methylation_in_Heavy","chr10",121243010
"cg29089045_TC11","Obese_UP",0.0593287866086573,"Higher_methylation_in_Heavy","chr10",121477477
"cg29092502_TC21","Obese_UP",0.0543132805254743,"Higher_methylation_in_Heavy","chr10",121692724
"cg29104445_TC21","Obese_UP",0.0529725635307945,"Higher_methylation_in_Heavy","chr10",122814374
"cg29128922_TC11","Obese_UP",0.0512238533127245,"Higher_methylation_in_Heavy","chr10",125969424
"cg29134443_BC21","Obese_UP",0.0606323304657208,"Higher_methylation_in_Heavy","chr10",126555389
"cg29141865_BC21","Obese_UP",0.0532868404466476,"Higher_methylation_in_Heavy","chr10",127091016
"cg29168509_BC21","Obese_UP",0.0570234158137805,"Higher_methylation_in_Heavy","chr10",129001784
"cg29182168_BC21","Obese_UP",0.0625715746138627,"Higher_methylation_in_Heavy","chr11",3650447
"cg29230938_TC11","Obese_UP",0.0649821354747261,"Higher_methylation_in_Heavy","chr11",8467601
"cg29253316_TC11","Obese_UP",0.0509439947600667,"Higher_methylation_in_Heavy","chr11",12037746
"cg29264571_BC21","Obese_UP",0.0547656370787065,"Higher_methylation_in_Heavy","chr11",14380529
"cg29317984_BC21","Lean_UP",-0.0533028914442502,"Higher_methylation_in_Light","chr11",22513203
"cg29320199_TC21","Obese_UP",0.0714091704505417,"Higher_methylation_in_Heavy","chr11",22829705
"cg29334394_TC21","Obese_UP",0.0510957855021029,"Higher_methylation_in_Heavy","chr11",24637897
"cg29336104_BC21","Obese_UP",0.0606592624033825,"Higher_methylation_in_Heavy","chr11",24977944
"cg29340123_TC21","Obese_UP",0.053471872988055,"Higher_methylation_in_Heavy","chr11",25768811
"cg29360012_TC11","Obese_UP",0.0745828365778532,"Higher_methylation_in_Heavy","chr11",29824819
"cg29373593_BC21","Lean_UP",-0.0590959623438363,"Higher_methylation_in_Light","chr11",31872481
"cg29388906_BC21","Lean_UP",-0.0732477751942628,"Higher_methylation_in_Light","chr11",33395339
"cg29400365_BC11","Obese_UP",0.0537812118316897,"Higher_methylation_in_Heavy","chr11",34798375
"cg29414243_BC11","Obese_UP",0.0504214126694796,"Higher_methylation_in_Heavy","chr11",36046697
"cg29509996_TC11","Obese_UP",0.0535040495298702,"Higher_methylation_in_Heavy","chr11",50231092
"cg29524569_TC11","Obese_UP",0.0575891150115094,"Higher_methylation_in_Heavy","chr11",51574620
"cg29532840_TC21","Obese_UP",0.0500999970508792,"Higher_methylation_in_Heavy","chr11",52272041
"cg29545478_BC11","Obese_UP",0.0662953652688241,"Higher_methylation_in_Heavy","chr11",53463959
"cg29546063_BC21","Obese_UP",0.0527443707085713,"Higher_methylation_in_Heavy","chr11",53493618
"cg29557458_BC21","Obese_UP",0.0511867504344439,"Higher_methylation_in_Heavy","chr11",54658697
"cg29594811_TC21","Obese_UP",0.0519004688691329,"Higher_methylation_in_Heavy","chr11",58867120
"cg29594834_TC21","Obese_UP",0.0594133524321149,"Higher_methylation_in_Heavy","chr11",58867416
"cg29613401_BC21","Lean_UP",-0.054337849193505,"Higher_methylation_in_Light","chr11",60320909
"cg29639473_TC21","Lean_UP",-0.0500495339412447,"Higher_methylation_in_Light","chr11",62753087
"cg29650470_BC11","Obese_UP",0.058221806244557,"Higher_methylation_in_Heavy","chr11",63924425
"cg29708327_BC11","Obese_UP",0.0640463533568618,"Higher_methylation_in_Heavy","chr11",69655569
"cg29722989_BC11","Obese_UP",0.0649607740057076,"Higher_methylation_in_Heavy","chr11",70615711
"cg29722991_TC11","Obese_UP",0.0524296148001576,"Higher_methylation_in_Heavy","chr11",70615726
"cg29735645_TC11","Obese_UP",0.0694976901845411,"Higher_methylation_in_Heavy","chr11",72051342
"cg29760506_BC11","Obese_UP",0.0542870325167084,"Higher_methylation_in_Heavy","chr11",75022124
"cg29772434_TC21","Obese_UP",0.0507400355776172,"Higher_methylation_in_Heavy","chr11",75929807
"cg29775889_BC11","Obese_UP",0.0584172359957375,"Higher_methylation_in_Heavy","chr11",76248673
"cg29826162_TC21","Obese_UP",0.0538699749880011,"Higher_methylation_in_Heavy","chr11",80746739
"cg29834116_BC21","Obese_UP",0.0516400882298042,"Higher_methylation_in_Heavy","chr11",81593286
"cg29844582_BC11","Obese_UP",0.0603465811442108,"Higher_methylation_in_Heavy","chr11",82798562
"cg29862828_TC11","Obese_UP",0.0572603771127491,"Higher_methylation_in_Heavy","chr11",84611071
"cg29874754_BC11","Obese_UP",0.0509173862911732,"Higher_methylation_in_Heavy","chr11",85829484
"cg29902052_BC11","Obese_UP",0.0596966719038319,"Higher_methylation_in_Heavy","chr11",88293254
"cg29902853_TC21","Obese_UP",0.0578629191344867,"Higher_methylation_in_Heavy","chr11",88354888
"cg29905650_BC21","Obese_UP",0.0674632737013105,"Higher_methylation_in_Heavy","chr11",88574323
"cg29948080_BC21","Lean_UP",-0.0946863605860442,"Higher_methylation_in_Light","chr11",94082479
"cg29959304_BC11","Obese_UP",0.0583355648446605,"Higher_methylation_in_Heavy","chr11",94990427
"cg29961768_TC11","Obese_UP",0.071899399566435,"Higher_methylation_in_Heavy","chr11",95123006
"cg29963326_BC11","Obese_UP",0.0514025772028109,"Higher_methylation_in_Heavy","chr11",95225584
"cg29971365_BC21","Obese_UP",0.0528308236883659,"Higher_methylation_in_Heavy","chr11",95830683
"cg29971373_TC21","Obese_UP",0.0556883955694308,"Higher_methylation_in_Heavy","chr11",95830784
"cg29973562_BC11","Obese_UP",0.0685091703461334,"Higher_methylation_in_Heavy","chr11",95991548
"cg29979230_TC21","Obese_UP",0.068789853853408,"Higher_methylation_in_Heavy","chr11",96332762
"cg29979455_BC21","Lean_UP",-0.0568471840564566,"Higher_methylation_in_Light","chr11",96343807
"cg29979572_BC11","Obese_UP",0.0702399861148093,"Higher_methylation_in_Heavy","chr11",96345972
"cg29993515_TC11","Obese_UP",0.0692957557839665,"Higher_methylation_in_Heavy","chr11",97337221
"cg29993572_TC11","Obese_UP",0.0721042455156393,"Higher_methylation_in_Heavy","chr11",97339042
"cg29997016_TC11","Obese_UP",0.0615183140868999,"Higher_methylation_in_Heavy","chr11",97546485
"cg29998337_TC11","Obese_UP",0.0568369524105305,"Higher_methylation_in_Heavy","chr11",97628131
"cg30024270_BC11","Obese_UP",0.0626203764785416,"Higher_methylation_in_Heavy","chr11",99349061
"cg30026905_BC21","Lean_UP",-0.0579803200861945,"Higher_methylation_in_Light","chr11",99583757
"cg30027382_BC21","Lean_UP",-0.064504421424068,"Higher_methylation_in_Light","chr11",99644373
"cg30030540_BC11","Obese_UP",0.0564986927266772,"Higher_methylation_in_Heavy","chr11",100096123
"cg30040458_TC21","Obese_UP",0.0501140049339984,"Higher_methylation_in_Heavy","chr11",100806873
"cg30074676_BC21","Lean_UP",-0.0536420161615081,"Higher_methylation_in_Light","chr11",103118883
"cg30085444_TC11","Obese_UP",0.0501990542686929,"Higher_methylation_in_Heavy","chr11",103938298
"cg30116130_BC21","Obese_UP",0.0559819161240312,"Higher_methylation_in_Heavy","chr11",106901018
"cg30130233_TC21","Obese_UP",0.0597408376504998,"Higher_methylation_in_Heavy","chr11",107979729
"cg30131011_BC21","Obese_UP",0.0520762600222107,"Higher_methylation_in_Heavy","chr11",108040382
"cg30139132_BC21","Obese_UP",0.053624646140387,"Higher_methylation_in_Heavy","chr11",108926131
"cg30144315_BC21","Obese_UP",0.0583407989189927,"Higher_methylation_in_Heavy","chr11",109356828
"cg30154532_BC11","Lean_UP",-0.0542765563465309,"Higher_methylation_in_Light","chr11",110268478
"cg30161227_TC11","Obese_UP",0.0612667347029939,"Higher_methylation_in_Heavy","chr11",111024525
"cg30175467_TC11","Obese_UP",0.0510166193660965,"Higher_methylation_in_Heavy","chr11",112812174
"cg30179789_TC11","Obese_UP",0.0854729235113476,"Higher_methylation_in_Heavy","chr11",113172918
"cg30195315_BC21","Obese_UP",0.0626622831015821,"Higher_methylation_in_Heavy","chr11",114234359
"cg30195316_BC21","Obese_UP",0.0694457695692559,"Higher_methylation_in_Heavy","chr11",114234375
"cg30225891_BC21","Lean_UP",-0.0548228359577866,"Higher_methylation_in_Light","chr11",116280823
"cg30252801_TC11","Obese_UP",0.0543229535779315,"Higher_methylation_in_Heavy","chr11",117993536
"cg30264686_TC11","Obese_UP",0.0782352942718249,"Higher_methylation_in_Heavy","chr11",118793489
"cg30264688_BC11","Obese_UP",0.0564801633300788,"Higher_methylation_in_Heavy","chr11",118793647
"cg30293391_TC11","Obese_UP",0.0524784035292282,"Higher_methylation_in_Heavy","chr11",120608755
"cg30293392_TC11","Obese_UP",0.0555046215791667,"Higher_methylation_in_Heavy","chr11",120608765
"cg30295268_TC11","Obese_UP",0.0681437136649144,"Higher_methylation_in_Heavy","chr11",120707325
"cg30321800_BC11","Obese_UP",0.0541676425622914,"Higher_methylation_in_Heavy","chr12",4275135
"cg30321801_BC21","Obese_UP",0.0539988350621401,"Higher_methylation_in_Heavy","chr12",4275153
"cg30345721_BC21","Obese_UP",0.0526485053980107,"Higher_methylation_in_Heavy","chr12",8013070
"cg30347820_TC11","Obese_UP",0.0643147974363085,"Higher_methylation_in_Heavy","chr12",8298101
"cg30351298_BC11","Obese_UP",0.0599140531542075,"Higher_methylation_in_Heavy","chr12",8597146
"cg30359570_TC11","Obese_UP",0.0562116257404787,"Higher_methylation_in_Heavy","chr12",9580130
"cg30374686_TC21","Obese_UP",0.0593571532693401,"Higher_methylation_in_Heavy","chr12",12306804
"cg30380222_TC21","Obese_UP",0.0645912017548014,"Higher_methylation_in_Heavy","chr12",12937107
"cg30380240_TC21","Obese_UP",0.065068571015914,"Higher_methylation_in_Heavy","chr12",12937331
"cg30380253_BC21","Obese_UP",0.0514940903029311,"Higher_methylation_in_Heavy","chr12",12937522
"cg30381514_BC21","Obese_UP",0.054325259912922,"Higher_methylation_in_Heavy","chr12",13054673
"cg30399223_TC21","Obese_UP",0.0749267002933319,"Higher_methylation_in_Heavy","chr12",16207529
"cg30413137_TC11","Obese_UP",0.0787508205081762,"Higher_methylation_in_Heavy","chr12",17728585
"cg30437557_BC21","Lean_UP",-0.0583977924255216,"Higher_methylation_in_Light","chr12",20846008
"cg30462978_BC11","Obese_UP",0.0738468385348938,"Higher_methylation_in_Heavy","chr12",24675219
"cg30514246_BC21","Lean_UP",-0.0517053211228395,"Higher_methylation_in_Light","chr12",31351751
"cg30581536_TC11","Lean_UP",-0.0511460923833917,"Higher_methylation_in_Light","chr12",41484402
"cg30633859_TC11","Obese_UP",0.0558886649961229,"Higher_methylation_in_Heavy","chr12",51707063
"cg30662285_TC11","Obese_UP",0.0762919544323014,"Higher_methylation_in_Heavy","chr12",54796166
"cg30664893_BC21","Obese_UP",0.0546231982745113,"Higher_methylation_in_Heavy","chr12",55062794
"cg30668950_TC21","Obese_UP",0.065291463344085,"Higher_methylation_in_Heavy","chr12",55507327
"cg30713492_TC21","Obese_UP",0.0681583218668014,"Higher_methylation_in_Heavy","chr12",62762493
"cg30729366_TC11","Obese_UP",0.0586551555888642,"Higher_methylation_in_Heavy","chr12",65926282
"cg30732446_TC21","Obese_UP",0.0534277035460357,"Higher_methylation_in_Heavy","chr12",66560989
"cg30750023_BC21","Lean_UP",-0.0503653228649725,"Higher_methylation_in_Light","chr12",69475497
"cg30763848_TC21","Obese_UP",0.0541941128488373,"Higher_methylation_in_Heavy","chr12",70729822
"cg30773344_BC21","Obese_UP",0.0509352675843433,"Higher_methylation_in_Heavy","chr12",71578980
"cg30787460_BC11","Obese_UP",0.0505650278328806,"Higher_methylation_in_Heavy","chr12",72946243
"cg30807975_TC21","Obese_UP",0.0613895378429933,"Higher_methylation_in_Heavy","chr12",75342755
"cg30831266_BC21","Obese_UP",0.065611870531878,"Higher_methylation_in_Heavy","chr12",77421818
"cg30872551_BC21","Obese_UP",0.0592353655180839,"Higher_methylation_in_Heavy","chr12",82114764
"cg30894297_BC11","Obese_UP",0.0542618680759945,"Higher_methylation_in_Heavy","chr12",84191873
"cg30903776_TC21","Obese_UP",0.052517864473249,"Higher_methylation_in_Heavy","chr12",84941895
"cg30908640_BC21","Lean_UP",-0.0593726661856927,"Higher_methylation_in_Light","chr12",85341111
"cg30915400_TC11","Obese_UP",0.0544083482340978,"Higher_methylation_in_Heavy","chr12",85913153
"cg30940579_TC21","Obese_UP",0.0587283258495118,"Higher_methylation_in_Heavy","chr12",88632403
"cg30959669_BC21","Obese_UP",0.0520861628973317,"Higher_methylation_in_Heavy","chr12",91695049
"cg30959822_BC21","Obese_UP",0.0776875965414865,"Higher_methylation_in_Heavy","chr12",91708328
"cg30980476_TC11","Obese_UP",0.0748996468838269,"Higher_methylation_in_Heavy","chr12",95697264
"cg30989829_BC21","Lean_UP",-0.0676946296419246,"Higher_methylation_in_Light","chr12",97663508
"cg31006761_BC21","Obese_UP",0.0718547872706072,"Higher_methylation_in_Heavy","chr12",99445432
"cg31013276_BC11","Obese_UP",0.0519527850575595,"Higher_methylation_in_Heavy","chr12",99966537
"cg31098733_BC11","Obese_UP",0.0543276131211334,"Higher_methylation_in_Heavy","chr12",107938083
"cg31119395_BC11","Obese_UP",0.0591543684949261,"Higher_methylation_in_Heavy","chr12",109525936
"cg31119462_TC21","Obese_UP",0.0621320398818676,"Higher_methylation_in_Heavy","chr12",109528172
"cg31119463_TC21","Obese_UP",0.0968309463796877,"Higher_methylation_in_Heavy","chr12",109528253
"cg31119465_BC21","Obese_UP",0.0981338368528155,"Higher_methylation_in_Heavy","chr12",109528270
"cg31119469_BC21","Obese_UP",0.102125188470747,"Higher_methylation_in_Heavy","chr12",109528329
"cg31119494_TC21","Obese_UP",0.0772716830460448,"Higher_methylation_in_Heavy","chr12",109528625
"cg31119653_TC11","Obese_UP",0.0539401870793149,"Higher_methylation_in_Heavy","chr12",109540458
"cg31127551_TC21","Obese_UP",0.0500295840467599,"Higher_methylation_in_Heavy","chr12",110226507
"cg31145951_BC11","Obese_UP",0.0587868744398131,"Higher_methylation_in_Heavy","chr12",111445692
"cg31145986_BC11","Obese_UP",0.0528063135993946,"Higher_methylation_in_Heavy","chr12",111445915
"cg31173212_TC11","Obese_UP",0.0518626377249425,"Higher_methylation_in_Heavy","chr12",113188283
"cg31183449_TC21","Obese_UP",0.0546562700333511,"Higher_methylation_in_Heavy","chr12",115329326
"cg31196896_BC21","Obese_UP",0.0514457623883774,"Higher_methylation_in_Heavy","chr12",117378460
"cg31222001_BC21","Lean_UP",-0.053256032208336,"Higher_methylation_in_Light","chr13",4059664
"cg31254410_TC21","Lean_UP",-0.068596337372785,"Higher_methylation_in_Light","chr13",9495310
"cg31292464_BC21","Lean_UP",-0.053519134814549,"Higher_methylation_in_Light","chr13",15461807
"cg31322600_TC21","Obese_UP",0.0567829905840985,"Higher_methylation_in_Heavy","chr13",20354998
"cg31329368_BC21","Obese_UP",0.0532615542155366,"Higher_methylation_in_Heavy","chr13",21264989
"cg31338240_TC21","Lean_UP",-0.098680999879601,"Higher_methylation_in_Light","chr13",22282407
"cg31349596_TC21","Obese_UP",0.0767998118780343,"Higher_methylation_in_Heavy","chr13",23870354
"cg31373411_TC11","Obese_UP",0.0510591651685678,"Higher_methylation_in_Heavy","chr13",27433594
"cg31385310_BC21","Obese_UP",0.0688585906227536,"Higher_methylation_in_Heavy","chr13",29278595
"cg31425995_BC21","Obese_UP",0.0587103208520014,"Higher_methylation_in_Heavy","chr13",34685361
"cg31426528_BC21","Lean_UP",-0.0526127718745333,"Higher_methylation_in_Light","chr13",34747262
"cg31433627_TC11","Obese_UP",0.0520482285411184,"Higher_methylation_in_Heavy","chr13",35761851
"cg31449157_BC21","Obese_UP",0.061085381238064,"Higher_methylation_in_Heavy","chr13",37717431
"cg31492516_TC21","Obese_UP",0.0576517155337939,"Higher_methylation_in_Heavy","chr13",42149561
"cg31557661_TC21","Obese_UP",0.052791686024085,"Higher_methylation_in_Heavy","chr13",48237232
"cg31577846_TC21","Obese_UP",0.0558447991867859,"Higher_methylation_in_Heavy","chr13",50328810
"cg31588224_TC11","Obese_UP",0.0616975819715903,"Higher_methylation_in_Heavy","chr13",51567794
"cg31609344_TC11","Obese_UP",0.0765440746161358,"Higher_methylation_in_Heavy","chr13",53278992
"cg31617953_BC21","Obese_UP",0.0715337518617663,"Higher_methylation_in_Heavy","chr13",54044862
"cg31622145_BC11","Obese_UP",0.054975609417641,"Higher_methylation_in_Heavy","chr13",54392313
"cg31636013_BC11","Obese_UP",0.0673884948763677,"Higher_methylation_in_Heavy","chr13",55420750
"cg31665347_TC21","Obese_UP",0.0678429255402281,"Higher_methylation_in_Heavy","chr13",57728233
"cg31692886_TC21","Obese_UP",0.0528680209244636,"Higher_methylation_in_Heavy","chr13",59943238
"cg31716388_TC21","Obese_UP",0.0650257823586875,"Higher_methylation_in_Heavy","chr13",63107900
"cg31720378_TC11","Obese_UP",0.060328833625419,"Higher_methylation_in_Heavy","chr13",63561923
"cg31720930_BC11","Obese_UP",0.0616413383694879,"Higher_methylation_in_Heavy","chr13",63574690
"cg31721638_TC21","Obese_UP",0.0552696277340053,"Higher_methylation_in_Heavy","chr13",63662094
"cg31732837_BC21","Obese_UP",0.0556851845345913,"Higher_methylation_in_Heavy","chr13",65206162
"cg31744311_BC21","Obese_UP",0.0540472964155399,"Higher_methylation_in_Heavy","chr13",67278466
"cg31789833_TC21","Obese_UP",0.0555080834134777,"Higher_methylation_in_Heavy","chr13",72849539
"cg31812336_TC21","Lean_UP",-0.0519063550950018,"Higher_methylation_in_Light","chr13",76020164
"cg31824006_BC11","Obese_UP",0.0615140013045724,"Higher_methylation_in_Heavy","chr13",78189807
"cg31824096_BC11","Obese_UP",0.0527019081371889,"Higher_methylation_in_Heavy","chr13",78195276
"cg31837079_BC11","Lean_UP",-0.0532137297750993,"Higher_methylation_in_Light","chr13",80940885
"cg31910746_TC21","Lean_UP",-0.0672436497124415,"Higher_methylation_in_Light","chr13",93674931
"cg31920117_BC21","Obese_UP",0.0582716386966991,"Higher_methylation_in_Heavy","chr13",94549821
"cg31947627_BC11","Obese_UP",0.057882532867543,"Higher_methylation_in_Heavy","chr13",97238195
"cg31949661_TC21","Obese_UP",0.052776276254762,"Higher_methylation_in_Heavy","chr13",97395027
"cg31955291_TC21","Obese_UP",0.0538670683616621,"Higher_methylation_in_Heavy","chr13",97938741
"cg31968966_TC11","Lean_UP",-0.0523928969187837,"Higher_methylation_in_Light","chr13",99100678
"cg31973118_TC21","Obese_UP",0.0526499663165743,"Higher_methylation_in_Heavy","chr13",99444225
"cg32007871_TC21","Obese_UP",0.0580879102082451,"Higher_methylation_in_Heavy","chr13",103426174
"cg32079943_BC21","Obese_UP",0.0561462245642873,"Higher_methylation_in_Heavy","chr13",112189810
"cg32084808_TC21","Obese_UP",0.0505174063726179,"Higher_methylation_in_Heavy","chr13",112642740
"cg32107190_BC21","Obese_UP",0.0600194958967898,"Higher_methylation_in_Heavy","chr13",114643068
"cg32226382_BC21","Obese_UP",0.0505814355446689,"Higher_methylation_in_Heavy","chr14",18396405
"cg32258165_TC21","Obese_UP",0.0538452915753182,"Higher_methylation_in_Heavy","chr14",22144167
"cg32261577_TC21","Obese_UP",0.0537978967858419,"Higher_methylation_in_Heavy","chr14",22589750
"cg32266672_BC21","Obese_UP",0.0527956745608147,"Higher_methylation_in_Heavy","chr14",23437146
"cg32285331_TC21","Obese_UP",0.0679750312584356,"Higher_methylation_in_Heavy","chr14",25585648
"cg32313783_BC21","Obese_UP",0.0501291060272806,"Higher_methylation_in_Heavy","chr14",29134707
"cg32426357_BC21","Obese_UP",0.061222149558393,"Higher_methylation_in_Heavy","chr14",45858967
"cg32427342_TC21","Obese_UP",0.0700306925848915,"Higher_methylation_in_Heavy","chr14",45989291
"cg32427389_BC11","Obese_UP",0.0646991776946543,"Higher_methylation_in_Heavy","chr14",45992513
"cg32432748_BC21","Obese_UP",0.0563614825053374,"Higher_methylation_in_Heavy","chr14",46634521
"cg32432748_BC22","Obese_UP",0.0628337802090038,"Higher_methylation_in_Heavy","chr14",46634521
"cg32444508_BC11","Obese_UP",0.0525416152341069,"Higher_methylation_in_Heavy","chr14",47648445
"cg32472424_BC11","Obese_UP",0.0514005409634691,"Higher_methylation_in_Heavy","chr14",51114375
"cg32473715_TC21","Lean_UP",-0.0522892596383456,"Higher_methylation_in_Light","chr14",51313041
"cg32535719_TC21","Obese_UP",0.0541203828828076,"Higher_methylation_in_Heavy","chr14",58036358
"cg32541036_BC21","Obese_UP",0.0553381420359362,"Higher_methylation_in_Heavy","chr14",58761808
"cg32560915_BC21","Obese_UP",0.050833387712439,"Higher_methylation_in_Heavy","chr14",61005597
"cg32561745_BC21","Obese_UP",0.0666045765901451,"Higher_methylation_in_Heavy","chr14",61077872
"cg32577394_BC21","Lean_UP",-0.0506983477504672,"Higher_methylation_in_Light","chr14",62839090
"cg32646923_TC11","Obese_UP",0.059850681631907,"Higher_methylation_in_Heavy","chr14",70079118
"cg32646955_TC11","Obese_UP",0.0551763132389911,"Higher_methylation_in_Heavy","chr14",70079611
"cg32656510_TC11","Lean_UP",-0.0743600722764259,"Higher_methylation_in_Light","chr14",70890335
"cg32700919_BC11","Obese_UP",0.0510453365037422,"Higher_methylation_in_Heavy","chr14",76504202
"cg32726800_BC21","Obese_UP",0.0657808650148939,"Higher_methylation_in_Heavy","chr14",79155267
"cg32732320_TC11","Obese_UP",0.0512062906661033,"Higher_methylation_in_Heavy","chr14",79661542
"cg32740064_TC21","Obese_UP",0.0506713057119826,"Higher_methylation_in_Heavy","chr14",80755548
"cg32755582_TC21","Obese_UP",0.0622389081225382,"Higher_methylation_in_Heavy","chr14",84468746
"cg32774362_BC21","Obese_UP",0.0603780927831854,"Higher_methylation_in_Heavy","chr14",87613832
"cg32811894_BC21","Obese_UP",0.0554528008511224,"Higher_methylation_in_Heavy","chr14",95808249
"cg32832845_TC21","Obese_UP",0.055443508389192,"Higher_methylation_in_Heavy","chr14",99341143
"cg32836537_TC21","Obese_UP",0.0528736142082861,"Higher_methylation_in_Heavy","chr14",99754613
"cg32885543_TC21","Obese_UP",0.0513296616718932,"Higher_methylation_in_Heavy","chr14",105892569
"cg32885573_BC11","Obese_UP",0.0652362064387864,"Higher_methylation_in_Heavy","chr14",105893602
"cg32916564_TC21","Lean_UP",-0.0543491734546448,"Higher_methylation_in_Light","chr14",112434807
"cg32952916_BC11","Obese_UP",0.0691849107700968,"Higher_methylation_in_Heavy","chr14",118212245
"cg32953841_BC21","Obese_UP",0.057416250249521,"Higher_methylation_in_Heavy","chr14",118258309
"cg32955072_BC21","Obese_UP",0.0536815685297703,"Higher_methylation_in_Heavy","chr14",118363731
"cg32961844_TC21","Obese_UP",0.0507793152171697,"Higher_methylation_in_Heavy","chr14",118826518
"cg32964542_TC21","Obese_UP",0.0516784758469509,"Higher_methylation_in_Heavy","chr14",119018854
"cg32973585_TC11","Obese_UP",0.0542195253657401,"Higher_methylation_in_Heavy","chr14",120061169
"cg32989837_BC11","Obese_UP",0.0537909832295474,"Higher_methylation_in_Heavy","chr14",121446808
"cg33031167_TC21","Lean_UP",-0.0720528182879091,"Higher_methylation_in_Light","chr15",5865931
"cg33070797_BC21","Obese_UP",0.0504986191917538,"Higher_methylation_in_Heavy","chr15",10665889
"cg33087094_TC11","Obese_UP",0.0516856145791619,"Higher_methylation_in_Heavy","chr15",12429802
"cg33093981_TC21","Lean_UP",-0.0503162483855851,"Higher_methylation_in_Light","chr15",12962433
"cg33155419_BC11","Obese_UP",0.0503950835687284,"Higher_methylation_in_Heavy","chr15",25377466
"cg33158077_BC21","Obese_UP",0.0514359492247066,"Higher_methylation_in_Heavy","chr15",25615657
"cg33158288_TC11","Obese_UP",0.0510302797187767,"Higher_methylation_in_Heavy","chr15",25624580
"cg33159692_BC11","Obese_UP",0.0514704849977516,"Higher_methylation_in_Heavy","chr15",25724522
"cg33181253_BC21","Obese_UP",0.0507172697058617,"Higher_methylation_in_Heavy","chr15",27995732
"cg33230257_BC11","Obese_UP",0.0678507523701971,"Higher_methylation_in_Heavy","chr15",35302657
"cg33246989_BC11","Obese_UP",0.0531390057500992,"Higher_methylation_in_Heavy","chr15",37175216
"cg33283313_TC21","Lean_UP",-0.112548448107909,"Higher_methylation_in_Light","chr15",41832729
"cg33324698_BC11","Obese_UP",0.064872296475322,"Higher_methylation_in_Heavy","chr15",50887977
"cg33338437_BC21","Lean_UP",-0.0608539778816873,"Higher_methylation_in_Light","chr15",52907430
"cg33355112_TC21","Lean_UP",-0.0516669682397383,"Higher_methylation_in_Light","chr15",55258745
"cg33368447_TC21","Obese_UP",0.0500900213213008,"Higher_methylation_in_Heavy","chr15",57468885
"cg33386104_BC21","Obese_UP",0.0598889987494959,"Higher_methylation_in_Heavy","chr15",59067856
"cg33397936_TC11","Lean_UP",-0.0651071816488898,"Higher_methylation_in_Light","chr15",60468513
"cg33449414_TC21","Lean_UP",-0.0599861669862392,"Higher_methylation_in_Light","chr15",68930289
"cg33469134_BC21","Obese_UP",0.0884504058378882,"Higher_methylation_in_Heavy","chr15",72809438
"cg33469135_BC21","Obese_UP",0.059503688252949,"Higher_methylation_in_Heavy","chr15",72809481
"cg33469136_BC11","Obese_UP",0.113665458563861,"Higher_methylation_in_Heavy","chr15",72809502
"cg33469137_BC21","Obese_UP",0.102793847646421,"Higher_methylation_in_Heavy","chr15",72809518
"cg33469142_BC11","Obese_UP",0.0783433672266852,"Higher_methylation_in_Heavy","chr15",72809596
"cg33469144_BC11","Obese_UP",0.0749945266928461,"Higher_methylation_in_Heavy","chr15",72809612
"cg33469160_BC11","Obese_UP",0.0948676492811132,"Higher_methylation_in_Heavy","chr15",72809821
"cg33469165_TC11","Obese_UP",0.0659261352089775,"Higher_methylation_in_Heavy","chr15",72809940
"cg33469202_TC21","Obese_UP",0.06663713421095,"Higher_methylation_in_Heavy","chr15",72810690
"cg33469203_BC11","Obese_UP",0.0607383352822685,"Higher_methylation_in_Heavy","chr15",72810705
"cg33511331_TC11","Obese_UP",0.0635222270114943,"Higher_methylation_in_Heavy","chr15",76457326
"cg33511338_TC21","Obese_UP",0.0596471359187275,"Higher_methylation_in_Heavy","chr15",76457447
"cg33525645_TC11","Lean_UP",-0.0502849894315922,"Higher_methylation_in_Light","chr15",77643561
"cg33526346_BC11","Obese_UP",0.0533341594001727,"Higher_methylation_in_Heavy","chr15",77747951
"cg33543664_BC21","Lean_UP",-0.0538693640918508,"Higher_methylation_in_Light","chr15",78955293
"cg33595187_TC11","Obese_UP",0.0536977880940041,"Higher_methylation_in_Heavy","chr15",82963122
"cg33624030_BC21","Lean_UP",-0.05694294659609,"Higher_methylation_in_Light","chr15",85116884
"cg33630872_TC21","Lean_UP",-0.0502892920574723,"Higher_methylation_in_Light","chr15",85657892
"cg33631066_TC21","Lean_UP",-0.0578782675794929,"Higher_methylation_in_Light","chr15",85668690
"cg33631078_TC11","Obese_UP",0.0690388513296854,"Higher_methylation_in_Heavy","chr15",85669651
"cg33706546_BC11","Obese_UP",0.0586590611722665,"Higher_methylation_in_Heavy","chr15",92997856
"cg33759417_TC21","Obese_UP",0.0625752231916254,"Higher_methylation_in_Heavy","chr15",97374717
"cg33765833_BC11","Obese_UP",0.0516189067986767,"Higher_methylation_in_Heavy","chr15",97813059
"cg33810442_TC21","Obese_UP",0.0579425519866508,"Higher_methylation_in_Heavy","chr15",100768802
"cg33823732_BC11","Obese_UP",0.103974988329603,"Higher_methylation_in_Heavy","chr15",101712888
"cg33841865_BC11","Obese_UP",0.0513664469653738,"Higher_methylation_in_Heavy","chr15",103170233
"cg33854820_BC21","Obese_UP",0.0524735577745516,"Higher_methylation_in_Heavy","chr16",4128321
"cg33855490_BC11","Obese_UP",0.0503649810334042,"Higher_methylation_in_Heavy","chr16",4214658
"cg33856786_TC11","Obese_UP",0.0543082130009571,"Higher_methylation_in_Heavy","chr16",4372289
"cg33882890_BC11","Obese_UP",0.0562497741034396,"Higher_methylation_in_Heavy","chr16",7658378
"cg33995097_TC21","Obese_UP",0.0514986650341914,"Higher_methylation_in_Heavy","chr16",21620011
"cg34005163_TC21","Lean_UP",-0.0937508984516803,"Higher_methylation_in_Light","chr16",22528209
"cg34026465_BC21","Obese_UP",0.0545061271054908,"Higher_methylation_in_Heavy","chr16",24952172
"cg34049646_BC21","Obese_UP",0.0644683022549571,"Higher_methylation_in_Heavy","chr16",28879970
"cg34069151_BC11","Obese_UP",0.0542072477682126,"Higher_methylation_in_Heavy","chr16",30740215
"cg34121793_BC21","Lean_UP",-0.0698735729481916,"Higher_methylation_in_Light","chr16",35573390
"cg34122238_TC21","Obese_UP",0.0514038156885276,"Higher_methylation_in_Heavy","chr16",35612510
"cg34177095_TC11","Lean_UP",-0.051869323382711,"Higher_methylation_in_Light","chr16",43363074
"cg34207022_TC21","Obese_UP",0.0535049073593096,"Higher_methylation_in_Heavy","chr16",47570226
"cg34220803_BC21","Obese_UP",0.0510875891660833,"Higher_methylation_in_Heavy","chr16",49839160
"cg34261681_TC21","Obese_UP",0.0621369102015646,"Higher_methylation_in_Heavy","chr16",56524375
"cg34278063_TC21","Lean_UP",-0.0566078125742085,"Higher_methylation_in_Light","chr16",58726225
"cg34353848_BC21","Obese_UP",0.0502828189347683,"Higher_methylation_in_Heavy","chr16",72811645
"cg34467988_TC21","Obese_UP",0.0567965657176216,"Higher_methylation_in_Heavy","chr16",90064137
"cg34471889_TC21","Obese_UP",0.0715121895246468,"Higher_methylation_in_Heavy","chr16",90329410
"cg34479133_BC21","Obese_UP",0.0525873728690251,"Higher_methylation_in_Heavy","chr16",90846782
"cg34504321_BC11","Obese_UP",0.0594243491948764,"Higher_methylation_in_Heavy","chr16",92605834
"cg34504409_TC11","Obese_UP",0.0606142108084847,"Higher_methylation_in_Heavy","chr16",92609895
"cg34563495_BC21","Obese_UP",0.0552983657469041,"Higher_methylation_in_Heavy","chr17",3283046
"cg34565166_TC21","Obese_UP",0.051191144166998,"Higher_methylation_in_Heavy","chr17",3453364
"cg34575170_BC11","Obese_UP",0.0549809751132894,"Higher_methylation_in_Heavy","chr17",4892769
"cg34589798_TC21","Obese_UP",0.056988621757873,"Higher_methylation_in_Heavy","chr17",6051023
"cg34606886_TC21","Obese_UP",0.0531527596946063,"Higher_methylation_in_Heavy","chr17",7644711
"cg34656177_BC11","Obese_UP",0.0543526387994693,"Higher_methylation_in_Heavy","chr17",13007357
"cg34725972_TC21","Lean_UP",-0.0546279867176268,"Higher_methylation_in_Light","chr17",24023909
"cg34738425_BC11","Obese_UP",0.0585096241781914,"Higher_methylation_in_Heavy","chr17",24919141
"cg34747256_BC11","Obese_UP",0.0618692950794574,"Higher_methylation_in_Heavy","chr17",25570179
"cg34769687_BC21","Obese_UP",0.0685340907812475,"Higher_methylation_in_Heavy","chr17",27133512
"cg34775266_BC11","Obese_UP",0.0604987889409964,"Higher_methylation_in_Heavy","chr17",27502903
"cg34789812_BC11","Obese_UP",0.0586134239009253,"Higher_methylation_in_Heavy","chr17",28345202
"cg34799465_BC11","Obese_UP",0.062585085758101,"Higher_methylation_in_Heavy","chr17",29021644
"cg34803989_TC11","Obese_UP",0.0521989619216439,"Higher_methylation_in_Heavy","chr17",29322374
"cg34817871_TC21","Obese_UP",0.0528940660671635,"Higher_methylation_in_Heavy","chr17",30343968
"cg34822339_TC21","Obese_UP",0.0829414563831128,"Higher_methylation_in_Heavy","chr17",30739467
"cg34838074_BC21","Obese_UP",0.0529398843464099,"Higher_methylation_in_Heavy","chr17",31912559
"cg34843747_BC11","Obese_UP",0.0552694477312701,"Higher_methylation_in_Heavy","chr17",32392621
"cg34863559_BC21","Obese_UP",0.0504557940597351,"Higher_methylation_in_Heavy","chr17",34309989
"cg34971587_TC21","Obese_UP",0.0569226193625285,"Higher_methylation_in_Heavy","chr17",46795566
"cg34987877_BC11","Obese_UP",0.0721545560204886,"Higher_methylation_in_Heavy","chr17",47877553
"cg34988368_TC11","Obese_UP",0.0698732457393489,"Higher_methylation_in_Heavy","chr17",47909650
"cg35025894_BC21","Obese_UP",0.0541201210583542,"Higher_methylation_in_Heavy","chr17",51875515
"cg35047346_TC21","Lean_UP",-0.066529285720495,"Higher_methylation_in_Light","chr17",55892788
"cg35050398_TC11","Obese_UP",0.0742466284750468,"Higher_methylation_in_Heavy","chr17",56124493
"cg35050429_TC11","Obese_UP",0.0612238520207854,"Higher_methylation_in_Heavy","chr17",56124822
"cg35053653_BC11","Obese_UP",0.0564543779572316,"Higher_methylation_in_Heavy","chr17",56324736
"cg35094722_BC11","Obese_UP",0.0615158969911118,"Higher_methylation_in_Heavy","chr17",62748498
"cg35099113_BC21","Obese_UP",0.0554117535922393,"Higher_methylation_in_Heavy","chr17",63138367
"cg35168547_BC11","Obese_UP",0.0510185680819151,"Higher_methylation_in_Heavy","chr17",70424716
"cg35186435_BC11","Obese_UP",0.0501400699476018,"Higher_methylation_in_Heavy","chr17",71976768
"cg35195149_TC21","Obese_UP",0.0524940995470467,"Higher_methylation_in_Heavy","chr17",72978326
"cg35264486_BC21","Obese_UP",0.05039137788708,"Higher_methylation_in_Heavy","chr17",81316621
"cg35286123_BC21","Obese_UP",0.056546221981578,"Higher_methylation_in_Heavy","chr17",83907007
"cg35286762_TC21","Obese_UP",0.0697775345721804,"Higher_methylation_in_Heavy","chr17",83957158
"cg35293726_TC21","Obese_UP",0.0528438895370908,"Higher_methylation_in_Heavy","chr17",84567191
"cg35297618_BC21","Lean_UP",-0.0650883401452985,"Higher_methylation_in_Light","chr17",84852487
"cg35316971_TC21","Obese_UP",0.0559684753002238,"Higher_methylation_in_Heavy","chr17",86407277
"cg35339737_TC21","Obese_UP",0.0735952134550425,"Higher_methylation_in_Heavy","chr17",88094487
"cg35412196_BC11","Obese_UP",0.0563830268034117,"Higher_methylation_in_Heavy","chr18",8693557
"cg35434716_TC21","Obese_UP",0.0655925461954412,"Higher_methylation_in_Heavy","chr18",12074212
"cg35445112_TC21","Lean_UP",-0.0619610214988786,"Higher_methylation_in_Light","chr18",13131543
"cg35508566_BC11","Obese_UP",0.0564906858852746,"Higher_methylation_in_Heavy","chr18",23651580
"cg35518322_TC21","Obese_UP",0.0709537603822284,"Higher_methylation_in_Heavy","chr18",24675713
"cg35593729_BC21","Lean_UP",-0.0528709713832971,"Higher_methylation_in_Light","chr18",35677642
"cg35607609_TC11","Lean_UP",-0.0839287444759297,"Higher_methylation_in_Light","chr18",36930303
"cg35608086_BC21","Lean_UP",-0.0502659526740277,"Higher_methylation_in_Light","chr18",36953872
"cg35608946_BC11","Lean_UP",-0.0735730132448584,"Higher_methylation_in_Light","chr18",36998420
"cg35609066_BC21","Lean_UP",-0.0592934417471068,"Higher_methylation_in_Light","chr18",37005158
"cg35609152_BC21","Lean_UP",-0.0534570180539679,"Higher_methylation_in_Light","chr18",37007247
"cg35611907_TC21","Lean_UP",-0.0512655193591322,"Higher_methylation_in_Light","chr18",37344920
"cg35613234_BC21","Lean_UP",-0.0747445169386751,"Higher_methylation_in_Light","chr18",37498233
"cg35615116_TC21","Lean_UP",-0.054715470192878,"Higher_methylation_in_Light","chr18",37690859
"cg35632205_TC21","Obese_UP",0.0598071556171244,"Higher_methylation_in_Heavy","chr18",39086321
"cg35650074_BC21","Obese_UP",0.0502803199518664,"Higher_methylation_in_Heavy","chr18",42054402
"cg35650075_BC21","Obese_UP",0.0536565183580305,"Higher_methylation_in_Heavy","chr18",42054420
"cg35672958_TC21","Obese_UP",0.0511582645479311,"Higher_methylation_in_Heavy","chr18",45064068
"cg35693822_TC11","Obese_UP",0.0582474885377422,"Higher_methylation_in_Heavy","chr18",47608812
"cg35703610_TC11","Obese_UP",0.05236180141072,"Higher_methylation_in_Heavy","chr18",49551712
"cg35719984_TC21","Obese_UP",0.0524070002173009,"Higher_methylation_in_Heavy","chr18",52373634
"cg35734573_BC11","Obese_UP",0.0577653486680363,"Higher_methylation_in_Heavy","chr18",53869219
"cg35739361_TC21","Obese_UP",0.0529164951387046,"Higher_methylation_in_Heavy","chr18",54481179
"cg35744437_TC21","Obese_UP",0.0575395377330257,"Higher_methylation_in_Heavy","chr18",55029012
"cg35791427_BC21","Obese_UP",0.053029195234149,"Higher_methylation_in_Heavy","chr18",60835143
"cg35808818_BC21","Lean_UP",-0.0551883707491225,"Higher_methylation_in_Light","chr18",62250512
"cg35834676_TC11","Obese_UP",0.0509119064410259,"Higher_methylation_in_Heavy","chr18",65028827
"cg35882847_BC21","Obese_UP",0.0552729133464761,"Higher_methylation_in_Heavy","chr18",69559903
"cg35943080_TC21","Lean_UP",-0.0604916960595725,"Higher_methylation_in_Light","chr18",76146740
"cg36012509_TC21","Obese_UP",0.0598913364287349,"Higher_methylation_in_Heavy","chr18",82751694
"cg36020128_BC21","Lean_UP",-0.051414573651633,"Higher_methylation_in_Light","chr18",83325744
"cg36034385_TC21","Lean_UP",-0.058341160661964,"Higher_methylation_in_Light","chr18",84659857
"cg36088224_TC21","Lean_UP",-0.0630856062924776,"Higher_methylation_in_Light","chr19",5132840
"cg36114754_TC11","Obese_UP",0.0565589644537674,"Higher_methylation_in_Heavy","chr19",6926095
"cg36119113_BC21","Obese_UP",0.0613650336776214,"Higher_methylation_in_Heavy","chr19",7175847
"cg36119953_TC11","Obese_UP",0.0653474618848945,"Higher_methylation_in_Heavy","chr19",7236492
"cg36131886_BC11","Obese_UP",0.0632097994770036,"Higher_methylation_in_Heavy","chr19",8771321
"cg36183335_TC21","Obese_UP",0.0526912683233129,"Higher_methylation_in_Heavy","chr19",15947399
"cg36214328_TO11","Lean_UP",-0.0533839110141513,"Higher_methylation_in_Light","chr19",20391680
"cg36240950_BC21","Obese_UP",0.0518474841575337,"Higher_methylation_in_Heavy","chr19",23797902
"cg36241762_TC21","Obese_UP",0.0597592177805513,"Higher_methylation_in_Heavy","chr19",23872723
"cg36272809_BC21","Obese_UP",0.0729767455119809,"Higher_methylation_in_Heavy","chr19",26885959
"cg36327905_TC21","Obese_UP",0.0540874197274616,"Higher_methylation_in_Heavy","chr19",33066650
"cg36329163_BC21","Obese_UP",0.059715541541036,"Higher_methylation_in_Heavy","chr19",33238752
"cg36334824_TC21","Lean_UP",-0.058404342752561,"Higher_methylation_in_Light","chr19",34284569
"cg36349641_BC21","Lean_UP",-0.0708510362059939,"Higher_methylation_in_Light","chr19",36410796
"cg36362529_TC11","Obese_UP",0.0518893540970356,"Higher_methylation_in_Heavy","chr19",37687402
"cg36370171_BC11","Obese_UP",0.0546337226735226,"Higher_methylation_in_Heavy","chr19",38397949
"cg36401495_TC21","Obese_UP",0.050260045302235,"Higher_methylation_in_Heavy","chr19",41838139
"cg36420118_TC21","Obese_UP",0.0583028844029025,"Higher_methylation_in_Heavy","chr19",43528410
"cg36420692_BC11","Obese_UP",0.0593549738191835,"Higher_methylation_in_Heavy","chr19",43573369
"cg36441860_BC21","Obese_UP",0.0520138308324228,"Higher_methylation_in_Heavy","chr19",45067445
"cg36452188_TC21","Obese_UP",0.0534485345002894,"Higher_methylation_in_Heavy","chr19",45797056
"cg36461677_BC21","Obese_UP",0.051110277461687,"Higher_methylation_in_Heavy","chr19",46526162
"cg36471460_BC21","Obese_UP",0.055953364718382,"Higher_methylation_in_Heavy","chr19",47222481
"cg36528034_TC21","Lean_UP",-0.057722470284082,"Higher_methylation_in_Light","chr19",54044237
"cg36539766_BC21","Obese_UP",0.0507996367965489,"Higher_methylation_in_Heavy","chr19",55382013
"cg36563527_BC21","Obese_UP",0.053682100809373,"Higher_methylation_in_Heavy","chr19",57134366
"cg36570721_BC21","Obese_UP",0.0568892069464887,"Higher_methylation_in_Heavy","chr19",57657505
"cg36574299_BC21","Obese_UP",0.0659062807916825,"Higher_methylation_in_Heavy","chr19",57987789
"cg36575125_BC21","Obese_UP",0.0502024827904156,"Higher_methylation_in_Heavy","chr19",58063553
"cg36595472_TC21","Obese_UP",0.070746791654571,"Higher_methylation_in_Heavy","chr19",60151758
"cg36599365_BC21","Obese_UP",0.0634333398500655,"Higher_methylation_in_Heavy","chr19",60791661
"cg36602031_TC21","Lean_UP",-0.0548632011813458,"Higher_methylation_in_Light","chr19",61228380
"cg36638958_BC21","Obese_UP",0.0587888525200371,"Higher_methylation_in_Heavy","chr1",9807064
"cg36686796_BC11","Obese_UP",0.0585217876906968,"Higher_methylation_in_Heavy","chr1",17145162
"cg36783270_TC21","Obese_UP",0.0526242681849892,"Higher_methylation_in_Heavy","chr1",34134484
"cg36815469_TC21","Obese_UP",0.0646982221237964,"Higher_methylation_in_Heavy","chr1",37214632
"cg36825284_TC11","Obese_UP",0.0583041854047375,"Higher_methylation_in_Heavy","chr1",38132110
"cg36841526_TC11","Obese_UP",0.0524586145252152,"Higher_methylation_in_Heavy","chr1",39534976
"cg36849951_BC11","Obese_UP",0.066586477963688,"Higher_methylation_in_Heavy","chr1",40269288
"cg36852770_BC21","Obese_UP",0.0529042429242874,"Higher_methylation_in_Heavy","chr1",40602792
"cg36863705_TC11","Obese_UP",0.0503274270110144,"Higher_methylation_in_Heavy","chr1",42131649
"cg36866485_BC11","Obese_UP",0.0620923952293072,"Higher_methylation_in_Heavy","chr1",42491585
"cg36876296_TC21","Obese_UP",0.0512324348759744,"Higher_methylation_in_Heavy","chr1",43532436
"cg36881016_TC11","Obese_UP",0.0620296713029747,"Higher_methylation_in_Heavy","chr1",44198747
"cg36887043_BC21","Obese_UP",0.0660177038987213,"Higher_methylation_in_Heavy","chr1",45520806
"cg36924398_TC21","Obese_UP",0.0506252375987173,"Higher_methylation_in_Heavy","chr1",52523048
"cg36977694_TC11","Obese_UP",0.0529497491149197,"Higher_methylation_in_Heavy","chr1",59483765
"cg36977721_BC21","Obese_UP",0.0681877195838569,"Higher_methylation_in_Heavy","chr1",59484243
"cg36977737_TC11","Obese_UP",0.0650385886932,"Higher_methylation_in_Heavy","chr1",59484454
"cg36977745_TC11","Obese_UP",0.0604117189573367,"Higher_methylation_in_Heavy","chr1",59484628
"cg36980916_TC21","Obese_UP",0.0547524262845374,"Higher_methylation_in_Heavy","chr1",59842941
"cg36985299_BC21","Lean_UP",-0.0632725586721184,"Higher_methylation_in_Light","chr1",60417113
"cg36985392_BC21","Obese_UP",0.0620038265324205,"Higher_methylation_in_Heavy","chr1",60438502
"cg37001273_BC21","Obese_UP",0.0558829953326448,"Higher_methylation_in_Heavy","chr1",62752309
"cg37074359_BC21","Obese_UP",0.0504039932536885,"Higher_methylation_in_Heavy","chr1",72946816
"cg37078204_BC21","Obese_UP",0.0617501573123051,"Higher_methylation_in_Heavy","chr1",73512060
"cg37097771_TC11","Obese_UP",0.0700427527588341,"Higher_methylation_in_Heavy","chr1",75360388
"cg37100346_BC11","Obese_UP",0.0596799144286294,"Higher_methylation_in_Heavy","chr1",75486773
"cg37138909_BC21","Obese_UP",0.0530987619552794,"Higher_methylation_in_Heavy","chr1",80530253
"cg37155163_BC21","Lean_UP",-0.0583589382523456,"Higher_methylation_in_Light","chr1",83060557
"cg37155164_TC21","Lean_UP",-0.0585863279329323,"Higher_methylation_in_Light","chr1",83060714
"cg37195538_BC11","Obese_UP",0.057129732945102,"Higher_methylation_in_Heavy","chr1",88277678
"cg37199173_TC11","Obese_UP",0.0648145701299258,"Higher_methylation_in_Heavy","chr1",88679073
"cg37203575_TC21","Obese_UP",0.0528119189810042,"Higher_methylation_in_Heavy","chr1",89105134
"cg37207609_TC21","Obese_UP",0.0557413624988273,"Higher_methylation_in_Heavy","chr1",89498373
"cg37208140_BC11","Obese_UP",0.0501637328851463,"Higher_methylation_in_Heavy","chr1",89542589
"cg37210083_TC11","Obese_UP",0.0633600258285895,"Higher_methylation_in_Heavy","chr1",89671663
"cg37210463_TC21","Obese_UP",0.063113899840847,"Higher_methylation_in_Heavy","chr1",89700488
"cg37212488_BC11","Obese_UP",0.0840665054470624,"Higher_methylation_in_Heavy","chr1",89849406
"cg37213618_BC11","Obese_UP",0.055992030928187,"Higher_methylation_in_Heavy","chr1",89928837
"cg37220083_TC21","Obese_UP",0.0513369165761135,"Higher_methylation_in_Heavy","chr1",90489089
"cg37277441_TC21","Obese_UP",0.0538891692950265,"Higher_methylation_in_Heavy","chr1",98072147
"cg37305687_BC11","Obese_UP",0.0573421700870085,"Higher_methylation_in_Heavy","chr1",104994394
"cg37306105_TC21","Obese_UP",0.0646533348892093,"Higher_methylation_in_Heavy","chr1",105089147
"cg37314236_TC21","Obese_UP",0.0544273736639924,"Higher_methylation_in_Heavy","chr1",106204734
"cg37314237_TC21","Obese_UP",0.0622779971427057,"Higher_methylation_in_Heavy","chr1",106204750
"cg37323996_TC21","Obese_UP",0.0521748255297122,"Higher_methylation_in_Heavy","chr1",107962702
"cg37366891_TC21","Obese_UP",0.0501953611777717,"Higher_methylation_in_Heavy","chr1",118419357
"cg37372456_BC11","Obese_UP",0.0518140892018911,"Higher_methylation_in_Heavy","chr1",119005091
"cg37398921_BC21","Obese_UP",0.0516195431446289,"Higher_methylation_in_Heavy","chr1",121970471
"cg37410666_BC21","Obese_UP",0.0607790072625363,"Higher_methylation_in_Heavy","chr1",124845955
"cg37412339_TC21","Obese_UP",0.0658903436661776,"Higher_methylation_in_Heavy","chr1",125196855
"cg37450609_BC21","Obese_UP",0.0803851036577863,"Higher_methylation_in_Heavy","chr1",130641661
"cg37456185_BC11","Obese_UP",0.0528081356766588,"Higher_methylation_in_Heavy","chr1",131200084
"cg37456186_BC11","Obese_UP",0.0533633432986986,"Higher_methylation_in_Heavy","chr1",131200127
"cg37468663_TC21","Lean_UP",-0.0529083631143031,"Higher_methylation_in_Light","chr1",132419522
"cg37476989_BC21","Obese_UP",0.0756219247263157,"Higher_methylation_in_Heavy","chr1",133131116
"cg37477058_TC11","Obese_UP",0.0561062520006447,"Higher_methylation_in_Heavy","chr1",133131690
"cg37485318_BC21","Obese_UP",0.0566212280388189,"Higher_methylation_in_Heavy","chr1",133817690
"cg37485492_TC21","Obese_UP",0.0756129475775854,"Higher_methylation_in_Heavy","chr1",133835498
"cg37489613_BC21","Obese_UP",0.0618772871472064,"Higher_methylation_in_Heavy","chr1",134179095
"cg37496622_BC21","Obese_UP",0.0616491383790534,"Higher_methylation_in_Heavy","chr1",134753117
"cg37499801_BC11","Obese_UP",0.0528766191459025,"Higher_methylation_in_Heavy","chr1",135085390
"cg37511748_TC11","Obese_UP",0.0520297395239626,"Higher_methylation_in_Heavy","chr1",136028803
"cg37534056_BC21","Obese_UP",0.0579848289780619,"Higher_methylation_in_Heavy","chr1",138500307
"cg37539320_BC21","Obese_UP",0.0650270009542781,"Higher_methylation_in_Heavy","chr1",139101972
"cg37597012_BC21","Obese_UP",0.0520393496929653,"Higher_methylation_in_Heavy","chr1",151107522
"cg37614733_BC21","Obese_UP",0.0550899196049219,"Higher_methylation_in_Heavy","chr1",152807349
"cg37616152_BC21","Obese_UP",0.0582283171367226,"Higher_methylation_in_Heavy","chr1",152950239
"cg37656389_BC21","Obese_UP",0.050451209716221,"Higher_methylation_in_Heavy","chr1",157036775
"cg37660352_BC21","Obese_UP",0.0521862844389842,"Higher_methylation_in_Heavy","chr1",157537547
"cg37699184_BC21","Obese_UP",0.0525599128611918,"Higher_methylation_in_Heavy","chr1",162983565
"cg37699663_BC21","Obese_UP",0.0598933145774231,"Higher_methylation_in_Heavy","chr1",163084493
"cg37708616_TC11","Obese_UP",0.0509002768821088,"Higher_methylation_in_Heavy","chr1",164253345
"cg37716704_TC21","Obese_UP",0.051240766379661,"Higher_methylation_in_Heavy","chr1",165154670
"cg37726976_BC21","Obese_UP",0.0509337901224891,"Higher_methylation_in_Heavy","chr1",166139350
"cg37777811_BC11","Obese_UP",0.0883460201254833,"Higher_methylation_in_Heavy","chr1",171490834
"cg37777975_BC21","Obese_UP",0.0598465262459973,"Higher_methylation_in_Heavy","chr1",171503567
"cg37783708_TC11","Obese_UP",0.0525348396920921,"Higher_methylation_in_Heavy","chr1",172144988
"cg37797508_BC21","Obese_UP",0.0505968581058236,"Higher_methylation_in_Heavy","chr1",173983476
"cg37870041_BC21","Obese_UP",0.0509899381251944,"Higher_methylation_in_Heavy","chr1",182098476
"cg37896456_BC21","Obese_UP",0.063697486200846,"Higher_methylation_in_Heavy","chr1",184727604
"cg37896463_TC21","Obese_UP",0.0602158161680434,"Higher_methylation_in_Heavy","chr1",184727737
"cg37912268_BC21","Obese_UP",0.0509793267382961,"Higher_methylation_in_Heavy","chr1",186256008
"cg37946834_BC21","Obese_UP",0.0503497089710774,"Higher_methylation_in_Heavy","chr1",189777313
"cg37952448_TC11","Obese_UP",0.0632382929059999,"Higher_methylation_in_Heavy","chr1",190173000
"cg37970891_BC11","Obese_UP",0.0708084736523703,"Higher_methylation_in_Heavy","chr1",191719231
"cg38015491_BC21","Obese_UP",0.055465272137611,"Higher_methylation_in_Heavy","chr2",5190465
"cg38015534_TC21","Obese_UP",0.0528470237408712,"Higher_methylation_in_Heavy","chr2",5195593
"cg38043074_BC21","Lean_UP",-0.0639698564506057,"Higher_methylation_in_Light","chr2",9042644
"cg38043346_TC21","Obese_UP",0.0526748146296164,"Higher_methylation_in_Heavy","chr2",9104014
"cg38082357_BC21","Obese_UP",0.0550087961742832,"Higher_methylation_in_Heavy","chr2",14104227
"cg38099770_TC21","Obese_UP",0.0564721993026127,"Higher_methylation_in_Heavy","chr2",17639328
"cg38136680_TC21","Obese_UP",0.0514608198355954,"Higher_methylation_in_Heavy","chr2",22935589
"cg38138733_TC21","Lean_UP",-0.0711325512450968,"Higher_methylation_in_Light","chr2",23233887
"cg38150914_TC21","Obese_UP",0.0500577115707501,"Higher_methylation_in_Heavy","chr2",25094949
"cg38150921_BC21","Obese_UP",0.0501143946718538,"Higher_methylation_in_Heavy","chr2",25095141
"cg38159262_TC21","Obese_UP",0.0607272204803769,"Higher_methylation_in_Heavy","chr2",25679353
"cg38202575_TC21","Obese_UP",0.0572077705840512,"Higher_methylation_in_Heavy","chr2",29457072
"cg38217912_BC21","Obese_UP",0.0509667144835719,"Higher_methylation_in_Heavy","chr2",30606994
"cg38220939_TC21","Obese_UP",0.0566106098865531,"Higher_methylation_in_Heavy","chr2",30815900
"cg38242935_TC11","Obese_UP",0.0543977086067776,"Higher_methylation_in_Heavy","chr2",32353497
"cg38248879_BC11","Obese_UP",0.0537990388271302,"Higher_methylation_in_Heavy","chr2",32740901
"cg38249143_TC11","Obese_UP",0.059970892755239,"Higher_methylation_in_Heavy","chr2",32751988
"cg38262150_BC21","Obese_UP",0.0729661950089709,"Higher_methylation_in_Heavy","chr2",33759706
"cg38287233_TC11","Obese_UP",0.0556016567160757,"Higher_methylation_in_Heavy","chr2",36091446
"cg38292782_BC11","Obese_UP",0.0554550958280975,"Higher_methylation_in_Heavy","chr2",37088886
"cg38336465_BC21","Obese_UP",0.0520822542167168,"Higher_methylation_in_Heavy","chr2",44988485
"cg38484694_TC21","Obese_UP",0.0586253281939649,"Higher_methylation_in_Heavy","chr2",66963023
"cg38487693_TC21","Obese_UP",0.0500431813759801,"Higher_methylation_in_Heavy","chr2",67544796
"cg38494629_BC21","Obese_UP",0.0588200414567896,"Higher_methylation_in_Heavy","chr2",68441185
"cg38494980_BC11","Obese_UP",0.0627392191098958,"Higher_methylation_in_Heavy","chr2",68470680
"cg38521798_BC21","Obese_UP",0.0528057727260489,"Higher_methylation_in_Heavy","chr2",71274867
"cg38525114_BC11","Obese_UP",0.0627730299567359,"Higher_methylation_in_Heavy","chr2",71544529
"cg38542742_TC21","Obese_UP",0.0666609672404458,"Higher_methylation_in_Heavy","chr2",73140437
"cg38551321_TC11","Obese_UP",0.0696101914795942,"Higher_methylation_in_Heavy","chr2",73971211
"cg38555117_BC21","Obese_UP",0.0597358378050759,"Higher_methylation_in_Heavy","chr2",74408953
"cg38559798_BC11","Obese_UP",0.0528181673983906,"Higher_methylation_in_Heavy","chr2",74746938
"cg38564355_BC21","Obese_UP",0.0558952996999766,"Higher_methylation_in_Heavy","chr2",75177837
"cg38565052_TC21","Obese_UP",0.0579680556672039,"Higher_methylation_in_Heavy","chr2",75253132
"cg38585685_BC21","Obese_UP",0.0569532630613602,"Higher_methylation_in_Heavy","chr2",77149627
"cg38633884_BC21","Obese_UP",0.0580379167666385,"Higher_methylation_in_Heavy","chr2",84629462
"cg38645980_BC21","Obese_UP",0.0512887825674976,"Higher_methylation_in_Heavy","chr2",86530288
"cg38663288_TC21","Obese_UP",0.0501019786344749,"Higher_methylation_in_Heavy","chr2",90577115
"cg38668961_BC11","Obese_UP",0.0518632641453017,"Higher_methylation_in_Heavy","chr2",91115215
"cg38671709_TC21","Obese_UP",0.0511773142891694,"Higher_methylation_in_Heavy","chr2",91344281
"cg38683624_TC11","Obese_UP",0.0547342578095015,"Higher_methylation_in_Heavy","chr2",92486168
"cg38696508_TC11","Obese_UP",0.0681244362480236,"Higher_methylation_in_Heavy","chr2",93646135
"cg38696530_BC11","Obese_UP",0.0525963300762712,"Higher_methylation_in_Heavy","chr2",93646941
"cg38700802_BC21","Obese_UP",0.0643774217206802,"Higher_methylation_in_Heavy","chr2",94010738
"cg38833848_TC21","Obese_UP",0.0597788834532781,"Higher_methylation_in_Heavy","chr2",115868547
"cg38864293_TC11","Obese_UP",0.0547666418272425,"Higher_methylation_in_Heavy","chr2",119324103
"cg38910631_TC21","Lean_UP",-0.0539879465636214,"Higher_methylation_in_Light","chr2",125124068
"cg38958023_TC21","Obese_UP",0.0510637026767385,"Higher_methylation_in_Heavy","chr2",130123344
"cg38973104_BC11","Obese_UP",0.0532726761900073,"Higher_methylation_in_Heavy","chr2",131561826
"cg38975759_TC21","Obese_UP",0.0605848083704809,"Higher_methylation_in_Heavy","chr2",131904121
"cg38995204_TC21","Obese_UP",0.0525301456277675,"Higher_methylation_in_Heavy","chr2",134483060
"cg39079708_BC11","Obese_UP",0.0531836057846924,"Higher_methylation_in_Heavy","chr2",147183427
"cg39086270_TC11","Obese_UP",0.0733663119064779,"Higher_methylation_in_Heavy","chr2",148043930
"cg39091650_TC21","Obese_UP",0.0576389381838651,"Higher_methylation_in_Heavy","chr2",148850887
"cg39108928_TC21","Lean_UP",-0.0691612826607006,"Higher_methylation_in_Light","chr2",151668502
"cg39112131_TC11","Obese_UP",0.0561457799475794,"Higher_methylation_in_Heavy","chr2",151973797
"cg39121121_TC21","Obese_UP",0.079732021398975,"Higher_methylation_in_Heavy","chr2",152686582
"cg39121124_TC21","Obese_UP",0.0833565598336537,"Higher_methylation_in_Heavy","chr2",152686735
"cg39121126_BC21","Obese_UP",0.0929554607748815,"Higher_methylation_in_Heavy","chr2",152686786
"cg39121127_BC21","Obese_UP",0.0807754897954611,"Higher_methylation_in_Heavy","chr2",152686810
"cg39121153_BC11","Obese_UP",0.0772860466572989,"Higher_methylation_in_Heavy","chr2",152687094
"cg39121155_TC21","Obese_UP",0.072118954686398,"Higher_methylation_in_Heavy","chr2",152687133
"cg39125962_TC11","Obese_UP",0.0535354037909974,"Higher_methylation_in_Heavy","chr2",153070885
"cg39125968_BC21","Obese_UP",0.067704860827789,"Higher_methylation_in_Heavy","chr2",153070944
"cg39158863_TC11","Obese_UP",0.0535243935531885,"Higher_methylation_in_Heavy","chr2",156144106
"cg39163912_TC21","Obese_UP",0.0531741417457733,"Higher_methylation_in_Heavy","chr2",156556937
"cg39180109_TC21","Obese_UP",0.0626177613140425,"Higher_methylation_in_Heavy","chr2",157791609
"cg39180141_TC11","Obese_UP",0.0556948234907234,"Higher_methylation_in_Heavy","chr2",157794094
"cg39203836_TC21","Obese_UP",0.0744621113991276,"Higher_methylation_in_Heavy","chr2",160325662
"cg39207323_BC21","Obese_UP",0.0603348683771245,"Higher_methylation_in_Heavy","chr2",160619110
"cg39210040_BC11","Obese_UP",0.0986244346169436,"Higher_methylation_in_Heavy","chr2",160912517
"cg39213697_BC21","Obese_UP",0.0508273520614656,"Higher_methylation_in_Heavy","chr2",161340396
"cg39213701_TC21","Obese_UP",0.0548555068467481,"Higher_methylation_in_Heavy","chr2",161340566
"cg39225617_TC21","Obese_UP",0.0791695528879273,"Higher_methylation_in_Heavy","chr2",162948092
"cg39229488_BC21","Obese_UP",0.0519034485461372,"Higher_methylation_in_Heavy","chr2",163225596
"cg39236533_TC11","Obese_UP",0.0561937255823377,"Higher_methylation_in_Heavy","chr2",163750760
"cg39245128_BC11","Obese_UP",0.0501865285292605,"Higher_methylation_in_Heavy","chr2",164434647
"cg39267166_BC21","Obese_UP",0.0535614386104744,"Higher_methylation_in_Heavy","chr2",165861291
"cg39302191_TC21","Lean_UP",-0.0561514995071032,"Higher_methylation_in_Light","chr2",168229165
"cg39324850_BC11","Obese_UP",0.0620866568214028,"Higher_methylation_in_Heavy","chr2",169750874
"cg39332788_BC21","Obese_UP",0.0512197002766441,"Higher_methylation_in_Heavy","chr2",170284879
"cg39332932_TC21","Obese_UP",0.0627630280122123,"Higher_methylation_in_Heavy","chr2",170291097
"cg39357932_BC21","Obese_UP",0.0562772695135275,"Higher_methylation_in_Heavy","chr2",172458806
"cg39359196_TC21","Lean_UP",-0.0526864278725977,"Higher_methylation_in_Light","chr2",172548490
"cg39364991_TC11","Obese_UP",0.0567001020646544,"Higher_methylation_in_Heavy","chr2",172935688
"cg39369669_TC21","Obese_UP",0.0611031038991568,"Higher_methylation_in_Heavy","chr2",173239538
"cg39376997_TC21","Lean_UP",-0.0545674266324584,"Higher_methylation_in_Light","chr2",173771059
"cg39382183_TC11","Obese_UP",0.0515010033252956,"Higher_methylation_in_Heavy","chr2",174283967
"cg39382473_BC21","Obese_UP",0.053894262383167,"Higher_methylation_in_Heavy","chr2",174295221
"cg39382475_BC11","Obese_UP",0.0581731187183863,"Higher_methylation_in_Heavy","chr2",174295314
"cg39382503_BC21","Obese_UP",0.0617288095254682,"Higher_methylation_in_Heavy","chr2",174295815
"cg39382508_TC11","Obese_UP",0.0820187112818435,"Higher_methylation_in_Heavy","chr2",174295954
"cg39382521_BC21","Obese_UP",0.059145474409977,"Higher_methylation_in_Heavy","chr2",174296217
"cg39382556_TC11","Obese_UP",0.075749418258939,"Higher_methylation_in_Heavy","chr2",174297275
"cg39382614_BC11","Obese_UP",0.05120847340931,"Higher_methylation_in_Heavy","chr2",174298473
"cg39382619_BC11","Obese_UP",0.0805519197354545,"Higher_methylation_in_Heavy","chr2",174298572
"cg39418303_BC11","Obese_UP",0.0669954784926505,"Higher_methylation_in_Heavy","chr2",180026807
"cg39423248_BC21","Obese_UP",0.0522305606636299,"Higher_methylation_in_Heavy","chr2",180353450
"cg39532776_TC21","Lean_UP",-0.0515665778265444,"Higher_methylation_in_Light","chr3",19693719
"cg39532862_BC11","Obese_UP",0.0532680290006948,"Higher_methylation_in_Heavy","chr3",19695407
"cg39604128_TC11","Obese_UP",0.0706382024324925,"Higher_methylation_in_Heavy","chr3",30968187
"cg39645518_BC21","Lean_UP",-0.0794236979727496,"Higher_methylation_in_Light","chr3",35967348
"cg39659526_BC21","Obese_UP",0.0506945039500804,"Higher_methylation_in_Heavy","chr3",37642251
"cg39684347_TC11","Obese_UP",0.0563073133074557,"Higher_methylation_in_Heavy","chr3",41169678
"cg39707230_TC21","Lean_UP",-0.0505006913640724,"Higher_methylation_in_Light","chr3",45690754
"cg39725676_BC21","Obese_UP",0.0503212910417563,"Higher_methylation_in_Heavy","chr3",49842276
"cg39729711_TC21","Obese_UP",0.0536240744065993,"Higher_methylation_in_Heavy","chr3",50538922
"cg39760737_BC21","Obese_UP",0.0500687359038456,"Higher_methylation_in_Heavy","chr3",53347284
"cg39764748_BC21","Obese_UP",0.0818192851337576,"Higher_methylation_in_Heavy","chr3",53694011
"cg39782959_BC11","Obese_UP",0.0560560007420575,"Higher_methylation_in_Heavy","chr3",55780364
"cg39804850_BC21","Obese_UP",0.0527336499002678,"Higher_methylation_in_Heavy","chr3",59114001
"cg39844556_TC21","Lean_UP",-0.0698037136066426,"Higher_methylation_in_Light","chr3",66224621
"cg39849583_TC11","Obese_UP",0.0597464283937008,"Higher_methylation_in_Heavy","chr3",66979873
"cg39899059_TC21","Lean_UP",-0.0617929399994794,"Higher_methylation_in_Light","chr3",75558369
"cg39902070_TC21","Lean_UP",-0.0520900289308317,"Higher_methylation_in_Light","chr3",76073190
"cg39928886_TC21","Lean_UP",-0.0566004543877735,"Higher_methylation_in_Light","chr3",80912098
"cg39958359_BC11","Obese_UP",0.0580770931317996,"Higher_methylation_in_Heavy","chr3",84744718
"cg39973321_BC11","Obese_UP",0.0565841056942946,"Higher_methylation_in_Heavy","chr3",86547210
"cg39998112_BC21","Obese_UP",0.0524865010137898,"Higher_methylation_in_Heavy","chr3",88753609
"cg40003009_BC11","Obese_UP",0.0680867808402379,"Higher_methylation_in_Heavy","chr3",89183734
"cg40028594_TC21","Obese_UP",0.0519954344325915,"Higher_methylation_in_Heavy","chr3",92124046
"cg40031030_BC21","Lean_UP",-0.0567248358188476,"Higher_methylation_in_Light","chr3",92789633
"cg40061249_BC21","Lean_UP",-0.0534009740127706,"Higher_methylation_in_Light","chr3",96241017
"cg40104466_BC21","Obese_UP",0.060674218102001,"Higher_methylation_in_Heavy","chr3",101018414
"cg40109732_TC21","Obese_UP",0.056162409181301,"Higher_methylation_in_Heavy","chr3",101450937
"cg40114956_BC21","Lean_UP",-0.0544527868229141,"Higher_methylation_in_Light","chr3",101922451
"cg40132716_BC21","Lean_UP",-0.0505373168028999,"Higher_methylation_in_Light","chr3",103808201
"cg40178026_BC21","Lean_UP",-0.0599428969528342,"Higher_methylation_in_Light","chr3",108940701
"cg40185014_BC11","Obese_UP",0.0700694986576007,"Higher_methylation_in_Heavy","chr3",109872209
"cg40304897_TC21","Obese_UP",0.0573285046672847,"Higher_methylation_in_Heavy","chr3",127930314
"cg40333824_BC11","Obese_UP",0.0528917053279249,"Higher_methylation_in_Heavy","chr3",130937407
"cg40334763_BC21","Obese_UP",0.0603276210483301,"Higher_methylation_in_Heavy","chr3",131018813
"cg40351807_BC21","Obese_UP",0.0619622315227941,"Higher_methylation_in_Heavy","chr3",132907805
"cg40352300_TC21","Lean_UP",-0.0564420035307759,"Higher_methylation_in_Light","chr3",132948070
"cg40352618_TC11","Obese_UP",0.0585064501310196,"Higher_methylation_in_Heavy","chr3",132968458
"cg40376379_TC11","Obese_UP",0.0616506395279918,"Higher_methylation_in_Heavy","chr3",136242932
"cg40387341_TC11","Obese_UP",0.0518642126868497,"Higher_methylation_in_Heavy","chr3",137863775
"cg40392784_BC21","Obese_UP",0.0500723808204511,"Higher_methylation_in_Heavy","chr3",138304268
"cg40440238_TC21","Obese_UP",0.0592873760601359,"Higher_methylation_in_Heavy","chr3",144670295
"cg40440770_TC21","Lean_UP",-0.0655231490316876,"Higher_methylation_in_Light","chr3",144717378
"cg40449923_BC11","Obese_UP",0.0543535287192009,"Higher_methylation_in_Heavy","chr3",145738699
"cg40462425_TC21","Lean_UP",-0.0508626122381266,"Higher_methylation_in_Light","chr3",146681799
"cg40471773_TC21","Obese_UP",0.0515642490359867,"Higher_methylation_in_Heavy","chr3",147886445
"cg40485087_BC21","Obese_UP",0.0537025055841837,"Higher_methylation_in_Heavy","chr3",149323993
"cg40572458_BC21","Obese_UP",0.0527662750456156,"Higher_methylation_in_Heavy","chr4",5724657
"cg40619587_TC21","Lean_UP",-0.069185705551387,"Higher_methylation_in_Light","chr4",12112810
"cg40691975_BC21","Lean_UP",-0.0653530474650424,"Higher_methylation_in_Light","chr4",25307835
"cg40725359_TC21","Obese_UP",0.0533624862601526,"Higher_methylation_in_Heavy","chr4",32157462
"cg40794790_BC11","Obese_UP",0.0511452459147499,"Higher_methylation_in_Heavy","chr4",41696701
"cg40860614_TC21","Obese_UP",0.0766434200803525,"Higher_methylation_in_Heavy","chr4",47882250
"cg40894080_BC21","Obese_UP",0.0522543326347376,"Higher_methylation_in_Heavy","chr4",53323446
"cg40896056_TC21","Obese_UP",0.0577178111153632,"Higher_methylation_in_Heavy","chr4",53535956
"cg40935340_TC11","Obese_UP",0.059059762606095,"Higher_methylation_in_Heavy","chr4",57954936
"cg40939942_TC11","Obese_UP",0.059398019096091,"Higher_methylation_in_Heavy","chr4",58492995
"cg40945853_TC11","Obese_UP",0.065807197175538,"Higher_methylation_in_Heavy","chr4",59187508
"cg40969615_TC21","Obese_UP",0.0687113277788313,"Higher_methylation_in_Heavy","chr4",62993127
"cg40991086_BC21","Lean_UP",-0.0507650081667471,"Higher_methylation_in_Light","chr4",66353960
"cg41078942_TC21","Obese_UP",0.0534790303313152,"Higher_methylation_in_Heavy","chr4",83715474
"cg41097900_TC21","Obese_UP",0.0513857876113311,"Higher_methylation_in_Heavy","chr4",86270036
"cg41162947_BC21","Obese_UP",0.0527190109757166,"Higher_methylation_in_Heavy","chr4",97419225
"cg41172000_TC21","Obese_UP",0.0503950205557417,"Higher_methylation_in_Heavy","chr4",98519073
"cg41186880_BC21","Lean_UP",-0.05064546743662,"Higher_methylation_in_Light","chr4",100033062
"cg41201425_BC21","Obese_UP",0.051668009561198,"Higher_methylation_in_Heavy","chr4",101632886
"cg41221733_TC11","Obese_UP",0.0540369144647347,"Higher_methylation_in_Heavy","chr4",104366764
"cg41231530_BC21","Obese_UP",0.0600688956685099,"Higher_methylation_in_Heavy","chr4",105375291
"cg41232133_TC21","Obese_UP",0.0570013370964522,"Higher_methylation_in_Heavy","chr4",105446944
"cg41260795_BC11","Obese_UP",0.0789615318466343,"Higher_methylation_in_Heavy","chr4",108021368
"cg41268249_TC21","Lean_UP",-0.0503122127960574,"Higher_methylation_in_Light","chr4",108849228
"cg41343837_TC21","Obese_UP",0.0501880685676385,"Higher_methylation_in_Heavy","chr4",118664535
"cg41360070_TC11","Obese_UP",0.0534086652808668,"Higher_methylation_in_Heavy","chr4",120288458
"cg41369773_TC11","Obese_UP",0.0582910554654908,"Higher_methylation_in_Heavy","chr4",121386995
"cg41377934_BC11","Obese_UP",0.0631636294178011,"Higher_methylation_in_Heavy","chr4",123105421
"cg41387427_BC21","Obese_UP",0.0555647668333946,"Higher_methylation_in_Heavy","chr4",123972572
"cg41413354_BC21","Obese_UP",0.0635239001744233,"Higher_methylation_in_Heavy","chr4",125932283
"cg41419321_BC11","Obese_UP",0.055390482423444,"Higher_methylation_in_Heavy","chr4",126337194
"cg41425665_TC21","Obese_UP",0.052937939308892,"Higher_methylation_in_Heavy","chr4",126898291
"cg41425827_TC21","Obese_UP",0.0530093805313704,"Higher_methylation_in_Heavy","chr4",126923115
"cg41440911_TC21","Obese_UP",0.0559548909876921,"Higher_methylation_in_Heavy","chr4",128271033
"cg41447050_BC11","Obese_UP",0.0537432993841107,"Higher_methylation_in_Heavy","chr4",128745876
"cg41493601_BC21","Lean_UP",-0.0549003598323636,"Higher_methylation_in_Light","chr4",132420282
"cg41551955_BC11","Obese_UP",0.068030528643193,"Higher_methylation_in_Heavy","chr4",136298570
"cg41599153_BC21","Lean_UP",-0.0570025426731727,"Higher_methylation_in_Light","chr4",139578143
"cg41609795_BC21","Lean_UP",-0.0589439672131112,"Higher_methylation_in_Light","chr4",140300939
"cg41614995_BC11","Obese_UP",0.0503015579396985,"Higher_methylation_in_Heavy","chr4",140649351
"cg41688810_BC21","Obese_UP",0.0726271827145974,"Higher_methylation_in_Heavy","chr4",148613077
"cg41692184_TC21","Lean_UP",-0.051099721807075,"Higher_methylation_in_Light","chr4",148818766
"cg41692669_BC11","Obese_UP",0.057295343687263,"Higher_methylation_in_Heavy","chr4",148846690
"cg41696444_TC21","Obese_UP",0.0597594108211091,"Higher_methylation_in_Heavy","chr4",149060817
"cg41716365_TC11","Obese_UP",0.0530008908888161,"Higher_methylation_in_Heavy","chr4",150363117
"cg41723019_TC11","Obese_UP",0.0548151020979913,"Higher_methylation_in_Heavy","chr4",150889042
"cg41745113_BC11","Obese_UP",0.0506443342949166,"Higher_methylation_in_Heavy","chr4",152276629
"cg41746322_TC11","Obese_UP",0.0517239860501455,"Higher_methylation_in_Heavy","chr4",152325005
"cg41770107_BC11","Obese_UP",0.0570355162483732,"Higher_methylation_in_Heavy","chr4",154025385
"cg41774734_BC21","Obese_UP",0.0628457031134845,"Higher_methylation_in_Heavy","chr4",154328848
"cg41781248_BC11","Obese_UP",0.0585447536475075,"Higher_methylation_in_Heavy","chr4",154771877
"cg41794185_TC11","Obese_UP",0.0686450700872436,"Higher_methylation_in_Heavy","chr4",155655277
"cg41812253_BC21","Obese_UP",0.0559858415208088,"Higher_methylation_in_Heavy","chr5",3915691
"cg41926503_TC11","Obese_UP",0.051752038868198,"Higher_methylation_in_Heavy","chr5",23676581
"cg41973070_BC21","Obese_UP",0.0643125253930283,"Higher_methylation_in_Heavy","chr5",29498552
"cg41991381_BC11","Obese_UP",0.0597016698229744,"Higher_methylation_in_Heavy","chr5",31251601
"cg41997362_BC11","Obese_UP",0.0504590263432916,"Higher_methylation_in_Heavy","chr5",31949602
"cg42001448_BC21","Lean_UP",-0.0576132603891434,"Higher_methylation_in_Light","chr5",32400494
"cg42006709_TC21","Obese_UP",0.061999313947057,"Higher_methylation_in_Heavy","chr5",33033838
"cg42015186_BC21","Obese_UP",0.0551279797229846,"Higher_methylation_in_Heavy","chr5",33758944
"cg42044909_BC11","Obese_UP",0.0539857843556962,"Higher_methylation_in_Heavy","chr5",36726009
"cg42045843_TC11","Obese_UP",0.0562214371549567,"Higher_methylation_in_Heavy","chr5",36797676
"cg42056930_TC11","Obese_UP",0.0511935424256881,"Higher_methylation_in_Heavy","chr5",37817585
"cg42056995_BC11","Obese_UP",0.0556027102974576,"Higher_methylation_in_Heavy","chr5",37819509
"cg42057299_TC11","Obese_UP",0.0558470762653261,"Higher_methylation_in_Heavy","chr5",37827178
"cg42072444_TC21","Lean_UP",-0.088046963364775,"Higher_methylation_in_Light","chr5",39798203
"cg42094074_TC21","Obese_UP",0.0536067788998329,"Higher_methylation_in_Heavy","chr5",43825428
"cg42097177_TC21","Obese_UP",0.0588077364530776,"Higher_methylation_in_Heavy","chr5",44184965
"cg42212817_BC11","Obese_UP",0.0531249048722727,"Higher_methylation_in_Heavy","chr5",64430157
"cg42234621_TC21","Obese_UP",0.074235634503812,"Higher_methylation_in_Heavy","chr5",66379311
"cg42234713_TC21","Obese_UP",0.0501210531083679,"Higher_methylation_in_Heavy","chr5",66386035
"cg42241370_TC11","Obese_UP",0.0518145142674422,"Higher_methylation_in_Heavy","chr5",66949246
"cg42247586_TC21","Obese_UP",0.0520056225548567,"Higher_methylation_in_Heavy","chr5",67463813
"cg42247594_TC21","Obese_UP",0.0529403927203048,"Higher_methylation_in_Heavy","chr5",67464053
"cg42277038_TC21","Lean_UP",-0.0558874768670036,"Higher_methylation_in_Light","chr5",72587925
"cg42297027_BC21","Obese_UP",0.0574126842644725,"Higher_methylation_in_Heavy","chr5",74277388
"cg42305409_TC11","Obese_UP",0.0725827267225341,"Higher_methylation_in_Heavy","chr5",75108710
"cg42401885_TC21","Obese_UP",0.0544483634224258,"Higher_methylation_in_Heavy","chr5",90461289
"cg42417991_TC21","Obese_UP",0.0526889989535609,"Higher_methylation_in_Heavy","chr5",92324241
"cg42423262_TC21","Obese_UP",0.0576179170379211,"Higher_methylation_in_Heavy","chr5",92798085
"cg42465159_BC11","Obese_UP",0.050029558771122,"Higher_methylation_in_Heavy","chr5",99247850
"cg42532757_BC21","Obese_UP",0.0502762497036281,"Higher_methylation_in_Heavy","chr5",105762483
"cg42544777_BC11","Obese_UP",0.0646882833684004,"Higher_methylation_in_Heavy","chr5",106815909
"cg42585980_BC11","Obese_UP",0.0596421091268112,"Higher_methylation_in_Heavy","chr5",111418947
"cg42610375_BC11","Obese_UP",0.0518248548061645,"Higher_methylation_in_Heavy","chr5",113287435
"cg42636127_BC21","Obese_UP",0.0564996262306151,"Higher_methylation_in_Heavy","chr5",114796873
"cg42647527_BC11","Obese_UP",0.0655661800478653,"Higher_methylation_in_Heavy","chr5",115480264
"cg42647547_BC11","Obese_UP",0.0716950562465919,"Higher_methylation_in_Heavy","chr5",115480472
"cg42647548_TC21","Obese_UP",0.065126170709716,"Higher_methylation_in_Heavy","chr5",115480490
"cg42688366_TC11","Obese_UP",0.0643052586851183,"Higher_methylation_in_Heavy","chr5",118271678
"cg42697462_TC11","Obese_UP",0.0608575563914778,"Higher_methylation_in_Heavy","chr5",118981188
"cg42719730_TC11","Obese_UP",0.0575586250924648,"Higher_methylation_in_Heavy","chr5",120628986
"cg42720338_TC11","Obese_UP",0.0704849150719308,"Higher_methylation_in_Heavy","chr5",120666339
"cg42727654_TC21","Obese_UP",0.0505917297085209,"Higher_methylation_in_Heavy","chr5",121306118
"cg42730729_BC21","Obese_UP",0.0511930589823477,"Higher_methylation_in_Heavy","chr5",121530885
"cg42735144_TC11","Obese_UP",0.0531760813540609,"Higher_methylation_in_Heavy","chr5",121849828
"cg42735921_TC21","Obese_UP",0.0552228063432998,"Higher_methylation_in_Heavy","chr5",121889731
"cg42764066_BC21","Obese_UP",0.0595865373776154,"Higher_methylation_in_Heavy","chr5",123738716
"cg42834474_BC11","Obese_UP",0.0553521107158877,"Higher_methylation_in_Heavy","chr5",129887754
"cg42848214_BC21","Obese_UP",0.050402990822227,"Higher_methylation_in_Heavy","chr5",131285054
"cg42850713_BC21","Obese_UP",0.0603413603885558,"Higher_methylation_in_Heavy","chr5",131525085
"cg42858600_TC21","Obese_UP",0.0603896818260358,"Higher_methylation_in_Heavy","chr5",132339663
"cg42865681_TC11","Obese_UP",0.050553301321726,"Higher_methylation_in_Heavy","chr5",133313764
"cg42876376_TC11","Obese_UP",0.0561728029489771,"Higher_methylation_in_Heavy","chr5",134427474
"cg42876823_BC11","Obese_UP",0.0500311420967122,"Higher_methylation_in_Heavy","chr5",134454869
"cg42883402_TC21","Obese_UP",0.060953491573337,"Higher_methylation_in_Heavy","chr5",134946328
"cg42884270_BC11","Lean_UP",-0.0696818047344298,"Higher_methylation_in_Light","chr5",135006563
"cg42897851_TC11","Obese_UP",0.087248112071339,"Higher_methylation_in_Heavy","chr5",135967948
"cg42903385_BC21","Obese_UP",0.068505004791742,"Higher_methylation_in_Heavy","chr5",136373006
"cg42934134_BC11","Obese_UP",0.0515344520307145,"Higher_methylation_in_Heavy","chr5",139077989
"cg42937359_TC21","Lean_UP",-0.0505250142318269,"Higher_methylation_in_Light","chr5",139326092
"cg42964708_TC21","Obese_UP",0.0674887216383362,"Higher_methylation_in_Heavy","chr5",141575653
"cg42981796_TC11","Obese_UP",0.0658562762196903,"Higher_methylation_in_Heavy","chr5",142961595
"cg42989766_BC21","Lean_UP",-0.0507573089457336,"Higher_methylation_in_Light","chr5",143520396
"cg42992970_TC21","Obese_UP",0.0663795425244865,"Higher_methylation_in_Heavy","chr5",143758353
"cg42992971_TC21","Obese_UP",0.0652119034165413,"Higher_methylation_in_Heavy","chr5",143758363
"cg43080123_TC21","Obese_UP",0.0534872065337416,"Higher_methylation_in_Heavy","chr5",151080106
"cg43101016_TC21","Obese_UP",0.0643170112108641,"Higher_methylation_in_Heavy","chr6",5249396
"cg43121635_BC21","Lean_UP",-0.0623458162344338,"Higher_methylation_in_Light","chr6",7843926
"cg43121640_BC21","Lean_UP",-0.0544150662005916,"Higher_methylation_in_Light","chr6",7844142
"cg43126833_TC11","Obese_UP",0.0607912732935096,"Higher_methylation_in_Heavy","chr6",8511171
"cg43194572_TC21","Obese_UP",0.0507718497656428,"Higher_methylation_in_Heavy","chr6",20970570
"cg43220183_BC21","Lean_UP",-0.0540723472319357,"Higher_methylation_in_Light","chr6",24663235
"cg43242950_BC11","Obese_UP",0.0690496797884682,"Higher_methylation_in_Heavy","chr6",28831739
"cg43303367_BC11","Obese_UP",0.0514947143175515,"Higher_methylation_in_Heavy","chr6",35182382
"cg43310311_BC21","Lean_UP",-0.0770662227770226,"Higher_methylation_in_Light","chr6",36274149
"cg43327663_TC21","Obese_UP",0.071040386179822,"Higher_methylation_in_Heavy","chr6",38385546
"cg43358657_BC21","Obese_UP",0.0593339180945665,"Higher_methylation_in_Heavy","chr6",42585049
"cg43376360_TC21","Lean_UP",-0.0511146764872709,"Higher_methylation_in_Light","chr6",46762164
"cg43383312_TC11","Obese_UP",0.0510303622217795,"Higher_methylation_in_Heavy","chr6",47903920
"cg43391255_TC11","Obese_UP",0.0517398854314331,"Higher_methylation_in_Heavy","chr6",48741410
"cg43397395_BC11","Obese_UP",0.0511775023966981,"Higher_methylation_in_Heavy","chr6",49366481
"cg43433699_BC11","Obese_UP",0.0643813430850705,"Higher_methylation_in_Heavy","chr6",52819178
"cg43435043_BC21","Obese_UP",0.0500010605474498,"Higher_methylation_in_Heavy","chr6",52967788
"cg43466811_BC21","Obese_UP",0.0624996414049979,"Higher_methylation_in_Heavy","chr6",56538065
"cg43630252_BC11","Obese_UP",0.0516373651822732,"Higher_methylation_in_Heavy","chr6",84045226
"cg43631344_TC11","Obese_UP",0.0652135310077406,"Higher_methylation_in_Heavy","chr6",84134979
"cg43631349_TC21","Obese_UP",0.0518128549407981,"Higher_methylation_in_Heavy","chr6",84135051
"cg43639807_TC21","Lean_UP",-0.0509232578417576,"Higher_methylation_in_Light","chr6",85191431
"cg43640497_BC21","Obese_UP",0.0575721114866553,"Higher_methylation_in_Heavy","chr6",85252426
"cg43650600_BC21","Obese_UP",0.056012137753999,"Higher_methylation_in_Heavy","chr6",86303297
"cg43663755_TC21","Lean_UP",-0.0723152496639365,"Higher_methylation_in_Light","chr6",87513325
"cg43670121_TC11","Obese_UP",0.0614615700290742,"Higher_methylation_in_Heavy","chr6",88079418
"cg43673721_BC21","Obese_UP",0.0678820719758323,"Higher_methylation_in_Heavy","chr6",88416507
"cg43677525_BC21","Obese_UP",0.058021378909499,"Higher_methylation_in_Heavy","chr6",88775410
"cg43697325_TC11","Obese_UP",0.0570000556077756,"Higher_methylation_in_Heavy","chr6",91157403
"cg43727646_TC21","Obese_UP",0.0510376743197242,"Higher_methylation_in_Heavy","chr6",94606615
"cg43728739_BC11","Obese_UP",0.0734100135870581,"Higher_methylation_in_Heavy","chr6",94695712
"cg43759221_BC21","Obese_UP",0.0514019169307833,"Higher_methylation_in_Heavy","chr6",98716211
"cg43762172_TC21","Obese_UP",0.0510262307682386,"Higher_methylation_in_Heavy","chr6",99013988
"cg43763215_TC21","Obese_UP",0.0512981351682757,"Higher_methylation_in_Heavy","chr6",99097364
"cg43767700_BC11","Obese_UP",0.0583047860735525,"Higher_methylation_in_Heavy","chr6",99510735
"cg43769671_TC11","Obese_UP",0.054479161977537,"Higher_methylation_in_Heavy","chr6",99669647
"cg43770173_TC21","Lean_UP",-0.0516880417844394,"Higher_methylation_in_Light","chr6",99694194
"cg43776035_TC21","Obese_UP",0.0523240958725822,"Higher_methylation_in_Heavy","chr6",100271050
"cg43786854_BC21","Obese_UP",0.0678971940039866,"Higher_methylation_in_Heavy","chr6",101271801
"cg43846030_BC11","Obese_UP",0.0616579326569317,"Higher_methylation_in_Heavy","chr6",112489146
"cg43859883_BC21","Obese_UP",0.0718864344860726,"Higher_methylation_in_Heavy","chr6",113748480
"cg43870336_BC11","Obese_UP",0.0567617364579261,"Higher_methylation_in_Heavy","chr6",114751424
"cg43919742_BC21","Obese_UP",0.0502238464986925,"Higher_methylation_in_Heavy","chr6",119796485
"cg43967330_BC11","Obese_UP",0.0764190714612976,"Higher_methylation_in_Heavy","chr6",125081850
"cg43967331_BC11","Obese_UP",0.0650680699019272,"Higher_methylation_in_Heavy","chr6",125081862
"cg43987494_BC21","Obese_UP",0.0560269912079993,"Higher_methylation_in_Heavy","chr6",126977074
"cg43994438_TC21","Obese_UP",0.0600784623682875,"Higher_methylation_in_Heavy","chr6",127600054
"cg44008329_BC21","Obese_UP",0.0513225276684201,"Higher_methylation_in_Heavy","chr6",128797526
"cg44034999_TC21","Obese_UP",0.0509351761094273,"Higher_methylation_in_Heavy","chr6",134088873
"cg44035761_BC21","Obese_UP",0.0551665879115326,"Higher_methylation_in_Heavy","chr6",134148473
"cg44045668_TC21","Obese_UP",0.0757520119289874,"Higher_methylation_in_Heavy","chr6",135011004
"cg44063035_BC21","Obese_UP",0.0537630258578265,"Higher_methylation_in_Heavy","chr6",136725182
"cg44063036_TC11","Obese_UP",0.0574288389889573,"Higher_methylation_in_Heavy","chr6",136725207
"cg44094979_TC21","Lean_UP",-0.0517291396943415,"Higher_methylation_in_Light","chr6",140354319
"cg44136171_TC21","Obese_UP",0.0580569884869664,"Higher_methylation_in_Heavy","chr6",144681402
"cg44143039_TC11","Obese_UP",0.0556189995496429,"Higher_methylation_in_Heavy","chr6",145251155
"cg44148262_BC21","Obese_UP",0.0524652063693777,"Higher_methylation_in_Heavy","chr6",145684537
"cg44158419_BC11","Lean_UP",-0.0615748638623168,"Higher_methylation_in_Light","chr6",146686711
"cg44165181_TC21","Obese_UP",0.0537011839201964,"Higher_methylation_in_Heavy","chr6",147391295
"cg44200630_BC11","Obese_UP",0.0777721935677939,"Higher_methylation_in_Heavy","chr7",5126073
"cg44211895_TC11","Obese_UP",0.0511678133713147,"Higher_methylation_in_Heavy","chr7",6729683
"cg44225578_BC21","Obese_UP",0.0831639836343797,"Higher_methylation_in_Heavy","chr7",10274278
"cg44227386_BC21","Obese_UP",0.05899124529642,"Higher_methylation_in_Heavy","chr7",10690787
"cg44242395_TC21","Lean_UP",-0.0845995922831757,"Higher_methylation_in_Light","chr7",13178869
"cg44242874_TC11","Obese_UP",0.0535002853030068,"Higher_methylation_in_Heavy","chr7",13261445
"cg44257087_BC21","Obese_UP",0.051743790909323,"Higher_methylation_in_Heavy","chr7",16018084
"cg44268730_TC11","Obese_UP",0.0524121888023269,"Higher_methylation_in_Heavy","chr7",16891522
"cg44313145_BC21","Obese_UP",0.0963693818358272,"Higher_methylation_in_Heavy","chr7",24082064
"cg44313157_BC11","Obese_UP",0.104998999512525,"Higher_methylation_in_Heavy","chr7",24082203
"cg44355283_TC21","Obese_UP",0.0750314098193564,"Higher_methylation_in_Heavy","chr7",27691903
"cg44361986_BC11","Obese_UP",0.0573296402515757,"Higher_methylation_in_Heavy","chr7",28294419
"cg44377200_BC21","Obese_UP",0.0555156025479996,"Higher_methylation_in_Heavy","chr7",29270443
"cg44392418_BC11","Obese_UP",0.0651527813442448,"Higher_methylation_in_Heavy","chr7",30423305
"cg44402107_BC11","Obese_UP",0.0529079770796387,"Higher_methylation_in_Heavy","chr7",31115178
"cg44423418_TC11","Obese_UP",0.0620369643225637,"Higher_methylation_in_Heavy","chr7",34675777
"cg44479753_TC21","Lean_UP",-0.0537272625905404,"Higher_methylation_in_Light","chr7",41294212
"cg44493455_TC11","Obese_UP",0.0653538106790711,"Higher_methylation_in_Heavy","chr7",43506071
"cg44507835_TC11","Obese_UP",0.0729035840907613,"Higher_methylation_in_Heavy","chr7",44747791
"cg44507840_BC11","Obese_UP",0.057769802314929,"Higher_methylation_in_Heavy","chr7",44747888
"cg44516613_BC11","Obese_UP",0.0612792767437199,"Higher_methylation_in_Heavy","chr7",45234605
"cg44543331_BC21","Obese_UP",0.0517263783538895,"Higher_methylation_in_Heavy","chr7",47021686
"cg44624564_BC21","Lean_UP",-0.053014724947859,"Higher_methylation_in_Light","chr7",62231186
"cg44695817_TC21","Lean_UP",-0.0602299882851729,"Higher_methylation_in_Light","chr7",70348950
"cg44716143_TC21","Obese_UP",0.0562835136122904,"Higher_methylation_in_Heavy","chr7",73207747
"cg44733861_TC21","Lean_UP",-0.0562863488547705,"Higher_methylation_in_Light","chr7",75384479
"cg44784129_BC21","Obese_UP",0.0541076850737342,"Higher_methylation_in_Heavy","chr7",81161721
"cg44810777_TC21","Obese_UP",0.060952009470404,"Higher_methylation_in_Heavy","chr7",84141840
"cg44858238_TC21","Obese_UP",0.0561868048614182,"Higher_methylation_in_Heavy","chr7",92985291
"cg44868712_BC21","Obese_UP",0.12254691870442,"Higher_methylation_in_Heavy","chr7",95461939
"cg44899457_BC21","Obese_UP",0.0520456956272603,"Higher_methylation_in_Heavy","chr7",99015418
"cg44933614_TC11","Obese_UP",0.061551390841231,"Higher_methylation_in_Heavy","chr7",102256184
"cg44936991_BC11","Obese_UP",0.0535633717853991,"Higher_methylation_in_Heavy","chr7",102687847
"cg44938937_TC21","Obese_UP",0.0668058795494488,"Higher_methylation_in_Heavy","chr7",103082574
"cg44960132_BC21","Lean_UP",-0.0533171994293666,"Higher_methylation_in_Light","chr7",107209178
"cg44971975_TC11","Obese_UP",0.0502579289056718,"Higher_methylation_in_Heavy","chr7",109170096
"cg45017731_BO21","Lean_UP",-0.0593903102276056,"Higher_methylation_in_Light","chr7",114414247
"cg45053647_BC21","Obese_UP",0.056822817627716,"Higher_methylation_in_Heavy","chr7",118849084
"cg45109167_BC21","Lean_UP",-0.0513363748709919,"Higher_methylation_in_Light","chr7",125560687
"cg45163318_TC11","Obese_UP",0.0592156132724082,"Higher_methylation_in_Heavy","chr7",130369512
"cg45168775_TC21","Obese_UP",0.0577953107315112,"Higher_methylation_in_Heavy","chr7",130860213
"cg45177180_BC21","Obese_UP",0.0633288340464429,"Higher_methylation_in_Heavy","chr7",131705690
"cg45189784_BC21","Obese_UP",0.0525359526452166,"Higher_methylation_in_Heavy","chr7",132948079
"cg45191747_BC11","Obese_UP",0.0514668330488803,"Higher_methylation_in_Heavy","chr7",133120738
"cg45232686_BC11","Obese_UP",0.0544278992576332,"Higher_methylation_in_Heavy","chr7",137313033
"cg45246997_TC21","Lean_UP",-0.0515649072388384,"Higher_methylation_in_Light","chr7",138910592
"cg45254106_TC11","Obese_UP",0.0751479001054725,"Higher_methylation_in_Heavy","chr7",139581075
"cg45255447_TC21","Lean_UP",-0.0630823338866599,"Higher_methylation_in_Light","chr7",139660421
"cg45281407_BC11","Obese_UP",0.0540776580418817,"Higher_methylation_in_Heavy","chr7",142157282
"cg45285005_TC11","Obese_UP",0.0543189886603324,"Higher_methylation_in_Heavy","chr7",142576581
"cg45285143_BC21","Obese_UP",0.0569363531563956,"Higher_methylation_in_Heavy","chr7",142581662
"cg45285146_TC21","Obese_UP",0.0526106953300659,"Higher_methylation_in_Heavy","chr7",142581780
"cg45285733_TC11","Obese_UP",0.0670977175811691,"Higher_methylation_in_Heavy","chr7",142653892
"cg45290643_BC21","Obese_UP",0.0929003421538924,"Higher_methylation_in_Heavy","chr7",143295788
"cg45290644_BC11","Obese_UP",0.0942742888231685,"Higher_methylation_in_Heavy","chr7",143295798
"cg45290647_BC21","Obese_UP",0.0955114866492172,"Higher_methylation_in_Heavy","chr7",143295858
"cg45290648_TC21","Obese_UP",0.107660449100376,"Higher_methylation_in_Heavy","chr7",143295871
"cg45290657_TC21","Obese_UP",0.0699155287470296,"Higher_methylation_in_Heavy","chr7",143296048
"cg45290659_BC11","Obese_UP",0.0792752343086846,"Higher_methylation_in_Heavy","chr7",143296086
"cg45290660_BC21","Obese_UP",0.0780974554518164,"Higher_methylation_in_Heavy","chr7",143296089
"cg45290661_BC21","Obese_UP",0.0741448150557309,"Higher_methylation_in_Heavy","chr7",143296101
"cg45292061_BC11","Obese_UP",0.116345843906153,"Higher_methylation_in_Heavy","chr7",143445340
"cg45292564_BC11","Obese_UP",0.0582005824208588,"Higher_methylation_in_Heavy","chr7",143464864
"cg45293085_BC11","Obese_UP",0.0936791394550071,"Higher_methylation_in_Heavy","chr7",143502890
"cg45304653_BC21","Obese_UP",0.0724467391659001,"Higher_methylation_in_Heavy","chr7",144790252
"cg45320732_TC11","Obese_UP",0.0525698733332192,"Higher_methylation_in_Heavy","chr8",4249427
"cg45344855_BC11","Obese_UP",0.0619622848637376,"Higher_methylation_in_Heavy","chr8",8656674
"cg45361555_TC21","Obese_UP",0.0587710634227625,"Higher_methylation_in_Heavy","chr8",10458256
"cg45483909_TC21","Obese_UP",0.0531112499531078,"Higher_methylation_in_Heavy","chr8",24504172
"cg45489388_BC21","Lean_UP",-0.060501045547081,"Higher_methylation_in_Light","chr8",25067876
"cg45511293_TC21","Obese_UP",0.0644072149999743,"Higher_methylation_in_Heavy","chr8",26966070
"cg45529624_TC21","Obese_UP",0.0640422227465742,"Higher_methylation_in_Heavy","chr8",29556967
"cg45529624_TC22","Obese_UP",0.0591356105109139,"Higher_methylation_in_Heavy","chr8",29556967
"cg45575792_BC11","Lean_UP",-0.0519013768352836,"Higher_methylation_in_Light","chr8",35385090
"cg45583934_BC21","Obese_UP",0.0590828117395215,"Higher_methylation_in_Heavy","chr8",36154025
"cg45614660_BC21","Obese_UP",0.0538438351714257,"Higher_methylation_in_Heavy","chr8",41034552
"cg45614947_TC21","Obese_UP",0.0531400224668027,"Higher_methylation_in_Heavy","chr8",41054819
"cg45615897_TC11","Obese_UP",0.0512986973865031,"Higher_methylation_in_Heavy","chr8",41134687
"cg45640684_TC21","Obese_UP",0.0515542333294491,"Higher_methylation_in_Heavy","chr8",45062606
"cg45642704_TC21","Obese_UP",0.0580118248814075,"Higher_methylation_in_Heavy","chr8",45287204
"cg45650557_TC21","Lean_UP",-0.0558659165274573,"Higher_methylation_in_Light","chr8",46150832
"cg45658219_BC11","Obese_UP",0.0505717431596851,"Higher_methylation_in_Heavy","chr8",46781877
"cg45675454_BC21","Obese_UP",0.0607855993474214,"Higher_methylation_in_Heavy","chr8",48137383
"cg45728937_TC11","Obese_UP",0.0502076190695451,"Higher_methylation_in_Heavy","chr8",57506162
"cg45732545_BC11","Obese_UP",0.0615470573618992,"Higher_methylation_in_Heavy","chr8",57805818
"cg45782165_BC21","Obese_UP",0.0545160871613327,"Higher_methylation_in_Heavy","chr8",66702169
"cg45803370_TC21","Obese_UP",0.0533249248899337,"Higher_methylation_in_Heavy","chr8",69881169
"cg45803381_TC11","Obese_UP",0.0681922617791752,"Higher_methylation_in_Heavy","chr8",69881254
"cg45805229_BC21","Lean_UP",-0.0532838412303578,"Higher_methylation_in_Light","chr8",70010936
"cg45820004_BC11","Obese_UP",0.0538762643980763,"Higher_methylation_in_Heavy","chr8",70892439
"cg45823753_TC11","Obese_UP",0.0514225067207749,"Higher_methylation_in_Heavy","chr8",71375753
"cg45829599_BC11","Obese_UP",0.0518426672209292,"Higher_methylation_in_Heavy","chr8",71679958
"cg45829778_BC11","Obese_UP",0.0744656229488965,"Higher_methylation_in_Heavy","chr8",71685580
"cg45829852_TC21","Obese_UP",0.0577472714518611,"Higher_methylation_in_Heavy","chr8",71686930
"cg45919293_TC11","Obese_UP",0.0577685482215724,"Higher_methylation_in_Heavy","chr8",84042582
"cg45929328_BC11","Obese_UP",0.0546075202872116,"Higher_methylation_in_Heavy","chr8",84772104
"cg45930500_TC21","Lean_UP",-0.057860250113695,"Higher_methylation_in_Light","chr8",84831703
"cg45947058_TC21","Obese_UP",0.0554836153539583,"Higher_methylation_in_Heavy","chr8",86699573
"cg45956135_BC11","Obese_UP",0.0646599350137899,"Higher_methylation_in_Heavy","chr8",87660611
"cg45956198_TC11","Obese_UP",0.0620724304221171,"Higher_methylation_in_Heavy","chr8",87662633
"cg45967319_TC11","Obese_UP",0.0551376989163643,"Higher_methylation_in_Heavy","chr8",88571117
"cg45990909_BC21","Lean_UP",-0.0634969980495405,"Higher_methylation_in_Light","chr8",91134692
"cg46001632_TC21","Obese_UP",0.0549434199818611,"Higher_methylation_in_Heavy","chr8",92024626
"cg46005610_BC11","Obese_UP",0.06861871526091,"Higher_methylation_in_Heavy","chr8",92365597
"cg46005615_BC21","Obese_UP",0.0527028616457918,"Higher_methylation_in_Heavy","chr8",92365679
"cg46030168_TC11","Obese_UP",0.0507412987197519,"Higher_methylation_in_Heavy","chr8",94913554
"cg46082433_TC21","Obese_UP",0.053927720647625,"Higher_methylation_in_Heavy","chr8",103911599
"cg46095367_TC11","Obese_UP",0.0651691610577923,"Higher_methylation_in_Heavy","chr8",105269453
"cg46100949_BC21","Lean_UP",-0.0588107414251336,"Higher_methylation_in_Light","chr8",105638263
"cg46101533_BC11","Obese_UP",0.0631149002383818,"Higher_methylation_in_Heavy","chr8",105694029
"cg46101549_TC11","Obese_UP",0.112371505388063,"Higher_methylation_in_Heavy","chr8",105694178
"cg46116738_TC11","Obese_UP",0.0571666813319418,"Higher_methylation_in_Heavy","chr8",106939821
"cg46132974_TC21","Obese_UP",0.0501530600443542,"Higher_methylation_in_Heavy","chr8",108455174
"cg46133862_BC21","Obese_UP",0.0614498049135737,"Higher_methylation_in_Heavy","chr8",108537073
"cg46136132_TC21","Lean_UP",-0.0543783439916061,"Higher_methylation_in_Light","chr8",108713613
"cg46136140_BC21","Lean_UP",-0.0521814170065826,"Higher_methylation_in_Light","chr8",108713969
"cg46143662_BC21","Obese_UP",0.0519044281772277,"Higher_methylation_in_Heavy","chr8",109251189
"cg46145895_BC11","Obese_UP",0.0677972328395204,"Higher_methylation_in_Heavy","chr8",109436881
"cg46171578_TC11","Lean_UP",-0.0703027433415858,"Higher_methylation_in_Light","chr8",111537894
"cg46181502_TC21","Obese_UP",0.0534756474756857,"Higher_methylation_in_Heavy","chr8",112353885
"cg46247087_BC21","Obese_UP",0.0509970095462304,"Higher_methylation_in_Heavy","chr8",118546403
"cg46269940_BC11","Obese_UP",0.0682815201773077,"Higher_methylation_in_Heavy","chr8",120230064
"cg46272632_TC21","Obese_UP",0.0575704269398111,"Higher_methylation_in_Heavy","chr8",120399552
"cg46273472_TC11","Obese_UP",0.0582346659219392,"Higher_methylation_in_Heavy","chr8",120450229
"cg46282860_BC21","Obese_UP",0.0652004345128081,"Higher_methylation_in_Heavy","chr8",121002902
"cg46285632_BC21","Obese_UP",0.0560786302263189,"Higher_methylation_in_Heavy","chr8",121127485
"cg46285633_BC11","Obese_UP",0.0735499484823997,"Higher_methylation_in_Heavy","chr8",121127499
"cg46287951_TC11","Obese_UP",0.0659003699550762,"Higher_methylation_in_Heavy","chr8",121273097
"cg46294162_BC11","Obese_UP",0.0568375414110291,"Higher_methylation_in_Heavy","chr8",121651382
"cg46297563_BC21","Obese_UP",0.0602441273360711,"Higher_methylation_in_Heavy","chr8",121851718
"cg46331729_TC11","Obese_UP",0.0678272608051054,"Higher_methylation_in_Heavy","chr8",124019859
"cg46339770_TC11","Obese_UP",0.0645395469139154,"Higher_methylation_in_Heavy","chr8",124618122
"cg46346983_TC21","Obese_UP",0.0535711138707227,"Higher_methylation_in_Heavy","chr8",125080260
"cg46350091_BC21","Obese_UP",0.051008612573105,"Higher_methylation_in_Heavy","chr8",125337567
"cg46352423_TC11","Obese_UP",0.0527601806228103,"Higher_methylation_in_Heavy","chr8",125526191
"cg46414844_TC11","Obese_UP",0.0749758828521474,"Higher_methylation_in_Heavy","chr9",8740908
"cg46437695_BC21","Obese_UP",0.0543371632284335,"Higher_methylation_in_Heavy","chr9",13558272
"cg46460948_TC11","Obese_UP",0.162367633884574,"Higher_methylation_in_Heavy","chr9",16470617
"cg46482181_TC21","Lean_UP",-0.0515850558549948,"Higher_methylation_in_Light","chr9",20735691
"cg46491616_TC11","Obese_UP",0.0527081784877688,"Higher_methylation_in_Heavy","chr9",21337833
"cg46503664_TC21","Obese_UP",0.0625953672669922,"Higher_methylation_in_Heavy","chr9",22188054
"cg46565737_BC11","Obese_UP",0.053736028236664,"Higher_methylation_in_Heavy","chr9",31212951
"cg46591894_TC21","Obese_UP",0.0508607346644389,"Higher_methylation_in_Heavy","chr9",34703678
"cg46598383_BC11","Obese_UP",0.0616002334955992,"Higher_methylation_in_Heavy","chr9",35423290
"cg46609782_TC21","Obese_UP",0.0563835096564507,"Higher_methylation_in_Heavy","chr9",37218299
"cg46645605_TC21","Obese_UP",0.0511107463649096,"Higher_methylation_in_Heavy","chr9",42128812
"cg46655163_BC21","Obese_UP",0.064066357969475,"Higher_methylation_in_Heavy","chr9",42957859
"cg46669952_TC21","Lean_UP",-0.0551775253699819,"Higher_methylation_in_Light","chr9",44226376
"cg46706068_BC21","Obese_UP",0.0535809963819791,"Higher_methylation_in_Heavy","chr9",47367809
"cg46710006_BC21","Obese_UP",0.0681884257728285,"Higher_methylation_in_Heavy","chr9",47715102
"cg46737468_BC21","Obese_UP",0.0784440486384842,"Higher_methylation_in_Heavy","chr9",50605032
"cg46772071_TC21","Obese_UP",0.0542934799537119,"Higher_methylation_in_Heavy","chr9",54823166
"cg46773361_BC21","Lean_UP",-0.0683948892668761,"Higher_methylation_in_Light","chr9",54980856
"cg46774970_BC11","Obese_UP",0.0794592898358104,"Higher_methylation_in_Heavy","chr9",55148781
"cg46783439_TC21","Lean_UP",-0.0640803603575125,"Higher_methylation_in_Light","chr9",56224033
"cg46789817_BC11","Obese_UP",0.0516171464841684,"Higher_methylation_in_Heavy","chr9",56865143
"cg46800258_TC21","Obese_UP",0.0531968628291878,"Higher_methylation_in_Heavy","chr9",57785999
"cg46801766_BC11","Obese_UP",0.0680895606589411,"Higher_methylation_in_Heavy","chr9",57939776
"cg46801768_BC11","Obese_UP",0.0619580895157318,"Higher_methylation_in_Heavy","chr9",57939812
"cg46830974_BC21","Obese_UP",0.0607119859915397,"Higher_methylation_in_Heavy","chr9",60919396
"cg46832826_BC21","Obese_UP",0.0525051240406407,"Higher_methylation_in_Heavy","chr9",61081719
"cg46839186_TC21","Obese_UP",0.0577799979318431,"Higher_methylation_in_Heavy","chr9",61632059
"cg46857762_TC11","Obese_UP",0.0534057513636108,"Higher_methylation_in_Heavy","chr9",63309556
"cg46863790_BC21","Obese_UP",0.0519662034958857,"Higher_methylation_in_Heavy","chr9",63876241
"cg46865358_TC21","Obese_UP",0.0566186849468769,"Higher_methylation_in_Heavy","chr9",63991539
"cg46874030_BC11","Lean_UP",-0.0563365121669373,"Higher_methylation_in_Light","chr9",64789503
"cg46900930_TC21","Obese_UP",0.057812090453489,"Higher_methylation_in_Heavy","chr9",67539386
"cg46999736_TC21","Lean_UP",-0.0539164405628059,"Higher_methylation_in_Light","chr9",78822224
"cg47048374_TC21","Lean_UP",-0.0590997738591553,"Higher_methylation_in_Light","chr9",86465289
"cg47052374_BC11","Obese_UP",0.0549738940238563,"Higher_methylation_in_Heavy","chr9",86881099
"cg47104817_BC21","Obese_UP",0.0509549872458456,"Higher_methylation_in_Heavy","chr9",95160706
"cg47182067_TC21","Obese_UP",0.0568042022316163,"Higher_methylation_in_Heavy","chr9",103133956
"cg47211677_TC21","Obese_UP",0.0666764649245888,"Higher_methylation_in_Heavy","chr9",106099450
"cg47215501_BC11","Obese_UP",0.0703738350266686,"Higher_methylation_in_Heavy","chr9",106370750
"cg47215502_BC21","Obese_UP",0.0547774274856986,"Higher_methylation_in_Heavy","chr9",106370761
"cg47217139_TC11","Obese_UP",0.0702938950724437,"Higher_methylation_in_Heavy","chr9",106465643
"cg47229004_BC11","Obese_UP",0.0572615741201102,"Higher_methylation_in_Heavy","chr9",107568035
"cg47229624_BC21","Lean_UP",-0.0505812375294761,"Higher_methylation_in_Light","chr9",107597178
"cg47229799_TC11","Obese_UP",0.071089775522129,"Higher_methylation_in_Heavy","chr9",107604887
"cg47233954_BC11","Obese_UP",0.0550781434290142,"Higher_methylation_in_Heavy","chr9",107935715
"cg47266553_TC11","Obese_UP",0.0507660908080214,"Higher_methylation_in_Heavy","chr9",110874044
"cg47268867_BC21","Obese_UP",0.0524109920307806,"Higher_methylation_in_Heavy","chr9",111055233
"cg47269597_BC11","Obese_UP",0.0665937801313417,"Higher_methylation_in_Heavy","chr9",111117515
"cg47271197_TC21","Lean_UP",-0.0531739338534414,"Higher_methylation_in_Light","chr9",111273459
"cg47298382_TC21","Obese_UP",0.0502640938977246,"Higher_methylation_in_Heavy","chr9",114548495
"cg47352760_TC11","Obese_UP",0.0508767305050461,"Higher_methylation_in_Heavy","chr9",119342216
"cg47365076_BC21","Obese_UP",0.050472522332647,"Higher_methylation_in_Heavy","chr9",120171664
"cg47373796_BC21","Obese_UP",0.0569078286598666,"Higher_methylation_in_Heavy","chr9",120876744
"cg47402734_TC21","Obese_UP",0.065590673611303,"Higher_methylation_in_Heavy","chr9",123606182
"cg47432252_BC21","Obese_UP",0.0524489649681917,"Higher_methylation_in_Heavy","chrX",8029653
"cg47439203_TC11","Obese_UP",0.0601929638717884,"Higher_methylation_in_Heavy","chrX",8922382
"cg47441438_BC21","Obese_UP",0.054992135298643,"Higher_methylation_in_Heavy","chrX",9257019
"cg47447244_BC21","Obese_UP",0.0596912440418804,"Higher_methylation_in_Heavy","chrX",10246401
"cg47454865_TC21","Obese_UP",0.0602398163684416,"Higher_methylation_in_Heavy","chrX",11443796
"cg47455374_BC21","Obese_UP",0.0534429157491337,"Higher_methylation_in_Heavy","chrX",11504165
"cg47459561_BC11","Obese_UP",0.0507253058120562,"Higher_methylation_in_Heavy","chrX",11929630
"cg47463167_BC11","Obese_UP",0.0559012649399512,"Higher_methylation_in_Heavy","chrX",12137586
"cg47463425_BC11","Obese_UP",0.0584632445399052,"Higher_methylation_in_Heavy","chrX",12152449
"cg47463434_TC21","Obese_UP",0.0628531710012777,"Higher_methylation_in_Heavy","chrX",12152615
"cg47463436_BC11","Obese_UP",0.0949035178522089,"Higher_methylation_in_Heavy","chrX",12152636
"cg47463438_BC21","Obese_UP",0.0565752957886229,"Higher_methylation_in_Heavy","chrX",12152686
"cg47463441_TC11","Obese_UP",0.0691692107064175,"Higher_methylation_in_Heavy","chrX",12152759
"cg47466405_TC21","Obese_UP",0.0792860764449319,"Higher_methylation_in_Heavy","chrX",12459938
"cg47466555_BC21","Obese_UP",0.0587130425495211,"Higher_methylation_in_Heavy","chrX",12472345
"cg47470299_BC11","Obese_UP",0.0541385621956369,"Higher_methylation_in_Heavy","chrX",12917328
"cg47475226_BC21","Obese_UP",0.0504943248005041,"Higher_methylation_in_Heavy","chrX",13554936
"cg47500062_BC21","Obese_UP",0.0740527591896642,"Higher_methylation_in_Heavy","chrX",19224252
"cg47509196_TC21","Obese_UP",0.06193537848706,"Higher_methylation_in_Heavy","chrX",20884688
"cg47511801_TC11","Obese_UP",0.0517376106637413,"Higher_methylation_in_Heavy","chrX",21365195
"cg47515006_BC21","Obese_UP",0.061470120299119,"Higher_methylation_in_Heavy","chrX",22090663
"cg47563407_TC11","Obese_UP",0.0522084017154448,"Higher_methylation_in_Heavy","chrX",38085159
"cg47568136_TC21","Lean_UP",-0.0526295719821568,"Higher_methylation_in_Light","chrX",38686763
"cg47568510_BC21","Lean_UP",-0.0572029269647999,"Higher_methylation_in_Light","chrX",38762876
"cg47570149_TC21","Obese_UP",0.0501921619022124,"Higher_methylation_in_Heavy","chrX",39113457
"cg47571640_BC11","Obese_UP",0.0603113944333124,"Higher_methylation_in_Heavy","chrX",39475510
"cg47577089_TC21","Obese_UP",0.0600864827321297,"Higher_methylation_in_Heavy","chrX",41016592
"cg47617782_TC21","Obese_UP",0.0607073425387612,"Higher_methylation_in_Heavy","chrX",49228099
"cg47630391_TC21","Obese_UP",0.066995690209928,"Higher_methylation_in_Heavy","chrX",51503717
"cg47634443_TC21","Obese_UP",0.062981210978257,"Higher_methylation_in_Heavy","chrX",52140292
"cg47637274_TC21","Obese_UP",0.0520364394183533,"Higher_methylation_in_Heavy","chrX",52549156
"cg47638110_BC21","Obese_UP",0.0701860283150319,"Higher_methylation_in_Heavy","chrX",52649699
"cg47641876_TC21","Obese_UP",0.0571554083181831,"Higher_methylation_in_Heavy","chrX",53114692
"cg47723216_TC11","Obese_UP",0.0550882170044468,"Higher_methylation_in_Heavy","chrX",71121155
"cg47736904_BC21","Obese_UP",0.0561301362188098,"Higher_methylation_in_Heavy","chrX",73528677
"cg47762410_TC21","Obese_UP",0.0656420103718489,"Higher_methylation_in_Heavy","chrX",77941072
"cg47767488_TC21","Obese_UP",0.0565341306486552,"Higher_methylation_in_Heavy","chrX",78951330
"cg47789619_BC21","Obese_UP",0.0588369644976808,"Higher_methylation_in_Heavy","chrX",84507630
"cg47803040_TC11","Obese_UP",0.0771544431002847,"Higher_methylation_in_Heavy","chrX",87559842
"cg47825078_BC11","Lean_UP",-0.0708718059620326,"Higher_methylation_in_Light","chrX",93070118
"cg47826082_TC21","Obese_UP",0.0719063326676365,"Higher_methylation_in_Heavy","chrX",93280539
"cg47835109_BC21","Lean_UP",-0.0632595947734616,"Higher_methylation_in_Light","chrX",94423038
"cg47860606_BC11","Obese_UP",0.0537956036234678,"Higher_methylation_in_Heavy","chrX",99426625
"cg47862060_TC21","Obese_UP",0.0508184176616864,"Higher_methylation_in_Heavy","chrX",99557209
"cg47877242_BC21","Lean_UP",-0.0862053928194023,"Higher_methylation_in_Light","chrX",101696917
"cg47877496_BC11","Obese_UP",0.0912503094907694,"Higher_methylation_in_Heavy","chrX",101709468
"cg47893110_TC11","Obese_UP",0.0954004501529169,"Higher_methylation_in_Heavy","chrX",103705847
"cg47904822_TC21","Obese_UP",0.0605293442732524,"Higher_methylation_in_Heavy","chrX",105793720
"cg47913882_BC21","Obese_UP",0.0652658677481208,"Higher_methylation_in_Heavy","chrX",107415898
"cg47930268_BC21","Lean_UP",-0.0645106668081028,"Higher_methylation_in_Light","chrX",111464100
"cg47939113_TC21","Obese_UP",0.0556565061851595,"Higher_methylation_in_Heavy","chrX",113390920
"cg47956932_TC21","Lean_UP",-0.0545268729555855,"Higher_methylation_in_Light","chrX",117886886
"cg47966617_TC21","Lean_UP",-0.0528815872255391,"Higher_methylation_in_Light","chrX",120294601
"cg47981051_TC21","Obese_UP",0.0682550110098701,"Higher_methylation_in_Heavy","chrX",124130637
"cg47998139_TC21","Lean_UP",-0.0556579457064261,"Higher_methylation_in_Light","chrX",129751224
"cg48006525_BC21","Obese_UP",0.0565106911117433,"Higher_methylation_in_Heavy","chrX",131691851
"cg48010998_BC21","Obese_UP",0.062381641370936,"Higher_methylation_in_Heavy","chrX",132892509
"cg48013781_BC21","Obese_UP",0.0551173043670001,"Higher_methylation_in_Heavy","chrX",133589216
"cg48017412_TC11","Obese_UP",0.0578943054050215,"Higher_methylation_in_Heavy","chrX",134120130
"cg48021871_BC21","Obese_UP",0.053393437449963,"Higher_methylation_in_Heavy","chrX",134614504
"cg48034780_BC21","Lean_UP",-0.0504174378887142,"Higher_methylation_in_Light","chrX",136743241
"cg48039536_TC21","Lean_UP",-0.102032537818197,"Higher_methylation_in_Light","chrX",137424310
"cg48051129_TC21","Obese_UP",0.0511397576939048,"Higher_methylation_in_Heavy","chrX",139795223
"cg48051913_BC11","Obese_UP",0.0609872437083423,"Higher_methylation_in_Heavy","chrX",139871945
"cg48057172_BC21","Lean_UP",-0.0806559699756753,"Higher_methylation_in_Light","chrX",140541583
"cg48057297_TC11","Obese_UP",0.0710266300745825,"Higher_methylation_in_Heavy","chrX",140559487
"cg48059827_BC21","Obese_UP",0.0530675935849232,"Higher_methylation_in_Heavy","chrX",140890840
"cg48111271_TC21","Lean_UP",-0.0514010947497768,"Higher_methylation_in_Light","chrX",151859508
"cg48121311_TC21","Obese_UP",0.0554097262646714,"Higher_methylation_in_Heavy","chrX",153499231
"cg48121667_TC21","Obese_UP",0.0566549348296357,"Higher_methylation_in_Heavy","chrX",153558820
"cg48157457_BC21","Obese_UP",0.0739029664718917,"Higher_methylation_in_Heavy","chrX",160672094
"cg48165499_BC11","Obese_UP",0.0525188041045378,"Higher_methylation_in_Heavy","chrX",162157655
"cg48177419_BC21","Obese_UP",0.0619389027224828,"Higher_methylation_in_Heavy","chrX",164039571
"cg48188775_BC21","Obese_UP",0.0751590576133328,"Higher_methylation_in_Heavy","chrX",166178266
"cg48196150_BC21","Obese_UP",0.0525267732398249,"Higher_methylation_in_Heavy","chrX",167320765
"cg48196171_TC21","Obese_UP",0.0501388152969873,"Higher_methylation_in_Heavy","chrX",167323443
"cg48205368_TC21","Obese_UP",0.0501262929688556,"Higher_methylation_in_Heavy","chrX",169298719
"cg48208326_BC21","Obese_UP",0.0575464888617197,"Higher_methylation_in_Heavy","chrX",169925701
"cg48208348_TC21","Obese_UP",0.0539617505069912,"Higher_methylation_in_Heavy","chrX",169927144
"cg48210175_BC21","Lean_UP",-0.0616614179293421,"Higher_methylation_in_Light","chrX",170676535
"cg48212379_TC21","Obese_UP",0.0532899345218206,"Higher_methylation_in_Heavy","chrY",827261
"cg48218917_BC21","Obese_UP",0.0530444531986832,"Higher_methylation_in_Heavy","chrY",2281949
"cg48219186_TC21","Obese_UP",0.0680741711605383,"Higher_methylation_in_Heavy","chrY",2339070
"cg48220163_BC11","Obese_UP",0.0567445329866727,"Higher_methylation_in_Heavy","chrY",2523774
"cg48222394_TC21","Lean_UP",-0.0535935260052833,"Higher_methylation_in_Light","chrY",3912187
"cg48222815_TC21","Obese_UP",0.053095588089682,"Higher_methylation_in_Heavy","chrY",3993715
"cg48223294_TC21","Obese_UP",0.0855409795329783,"Higher_methylation_in_Heavy","chrY",4053158
"ctl-BS-RPS6KA6-CA-R-60909_BO21","Obese_UP",0.0711783587237192,"Higher_methylation_in_Heavy",NA,NA
"ctl-BS-SARS-CT-R-2516_TC21","Obese_UP",0.0629845098375077,"Higher_methylation_in_Heavy",NA,NA
"ctl-NP-RARS-4740-TT-1_BC21","Obese_UP",0.0607497443674738,"Higher_methylation_in_Heavy",NA,NA
"rs33381927_BC21","Obese_UP",0.0511369999561641,"Higher_methylation_in_Heavy","chr8",38251352
"rs36605103_BC21","Lean_UP",-0.0793884805419459,"Higher_methylation_in_Light","chr6",141746212
